departamento,municipio,proyectos,presupuesto_vigente,ejecutado_total,no_ejecutado,riesgo_fiscal_total,riesgo_fiscal_prom,n_no_iniciado,n_en_ejecucion,n_en_meseta,n_finalizado,ratio_ejec_agg,n_inconsistencia_estado_momento,presupuesto_inconsistencia_estado_momento,score_concentracion_baja_ejec
Alta Verapaz,Cahabón,56,65025413.4,14571667.24,50453746.16,300.42360839451084,5.364707292759122,40,5,11,0,0.22409188159040602,0,0.0,471.80781476139185
Alta Verapaz,Chahal,46,69736240.78999999,26204579.509999998,43531661.28,313.2800990325839,6.810436935490954,18,9,19,0,0.37576702175431387,0,0.0,304.39237328673977
Alta Verapaz,Chisec,80,57265296.2,6070226.63,51195069.57,332.6958857805017,4.158698572256272,74,2,4,0,0.10600183763652653,0,0.0,776.1260966205155
Alta Verapaz,Cobán,149,345015155.86,122902827.76,222112328.1,749.632859808723,5.031093018850489,95,18,35,1,0.35622443151416633,1,2251301.76,1088.4200914281744
Alta Verapaz,Fray Bartolomé de las Casas,52,95939037.9,36144980.7,59794057.2,326.24674590212373,6.273975882733149,26,19,7,0,0.3767494597733505,0,0.0,254.29791415395195
Alta Verapaz,Lanquín,38,100056229.24,57540570.279999994,42515658.96,262.590138050456,6.910266790801474,26,4,8,0,0.5750823383717593,0,0.0,180.03276340498445
Alta Verapaz,Multimunicipal - Alta Verapaz,3,7258096.0,6258093.78,1000002.2199999997,2.176557502403351,0.7255191674677838,2,0,1,0,0.8622225140036727,0,0.0,6.529672507210053
Alta Verapaz,Panzós,43,65726376.14,9644350.51,56082025.629999995,380.3887266451375,8.846249456863664,33,3,7,0,0.1467348586122734,0,0.0,405.4943665042817
Alta Verapaz,Raxruhá,57,59389271.6,18041176.0,41348095.6,214.06320678243117,3.7554948558321257,44,6,7,0,0.30377836794347884,0,0.0,411.2494832909977
Alta Verapaz,San Cristóbal Verapaz,33,57269374.879999995,9692803.16,47576571.72,232.58635525067442,7.048071371232558,20,7,6,0,0.16924932706721385,0,0.0,264.1507370007291
Alta Verapaz,San Juan Chamelco,47,142302263.25,41208242.15,101094021.1,284.87739326401294,6.061221133276871,17,7,23,0,0.2895824789350285,0,0.0,394.77513306661535
Alta Verapaz,San Pedro Carchá,68,119577179.2,21810476.67,97766702.53,397.0610873848596,5.839133638012641,52,10,6,0,0.18239664805540087,0,0.0,562.6586716632049
Alta Verapaz,Santa Catalina la Tinta,49,32200850.36,2679530.94,29521319.42,238.53420078390604,4.868044913957267,43,0,6,0,0.08321304903576465,0,0.0,500.8270594531965
Alta Verapaz,Santa Cruz Verapaz,63,62786999.96,23261226.32,39525773.64,316.8121915970996,5.028764945985708,37,5,21,0,0.3704783846149543,0,0.0,452.12893641780346
Alta Verapaz,Senahú,54,50255547.28,6086756.08,44168791.2,286.4089381830179,5.303869225611442,41,3,10,0,0.12111610378228478,0,0.0,523.6534555983025
Alta Verapaz,Tactic,76,68191868.4,14107991.02,54083877.379999995,537.6886750447376,7.074850987430757,56,8,12,0,0.2068867058641848,0,0.0,632.3272972324348
Alta Verapaz,Tamahú,43,27060364.759999998,6170141.0,20890223.759999998,111.30239798273851,2.5884278600636863,37,2,4,0,0.22801396266175092,0,0.0,348.78215716435693
Alta Verapaz,Tucurú,28,43684040.6,7709582.0,35974458.6,131.42094873954102,4.693605312126465,22,6,0,0,0.17648509373466703,0,0.0,205.7250640037597
Baja Verapaz,Cubulco,78,167815517.49,75239577.53999999,92575939.95,523.1546193826392,6.707110504905631,50,11,11,6,0.4483469625774235,6,1404816.3399999999,415.80701950393734
Baja Verapaz,Granados,33,18861919.53,8591670.73,10270248.8,183.52342612852271,5.561315943288567,10,4,15,4,0.4555035194766309,4,1388359.2,173.31347888824106
Baja Verapaz,Purulhá,54,62894778.89,28460355.43,34434423.46,331.551233611207,6.139837659466797,18,24,5,7,0.4525074407173896,7,4148442.01,155.33469014894845
Baja Verapaz,Rabinal,50,82945064.23,35732614.74,47212449.49,301.6002190348596,6.032004380697192,9,8,28,5,0.43079856615598405,5,3878724.4,298.90488872742367
Baja Verapaz,Salamá,45,84985490.16,39567059.46,45418430.7,265.15860630818656,5.892413473515257,9,21,12,3,0.4655742925705096,3,358440.14,156.12063702315277
Baja Verapaz,San Jerónimo,40,43786796.99,11383617.32,32820339.27,362.53393337480196,9.06334833437005,29,3,5,3,0.2599783063054323,3,1024897.56,291.660666161208
Baja Verapaz,San Miguel Chicaj,52,62671388.019999996,24734251.96,37937136.06,325.94293371300535,6.268133340634718,16,24,9,3,0.3946657755865673,3,2704000.0,193.44714080783774
Baja Verapaz,Santa Cruz el Chol,36,64136728.42,23496046.86,40676281.56,245.2456069296086,6.812377970266906,8,18,10,0,0.3663430835781941,0,0.0,157.19512584456945
Chimaltenango,Acatenango,81,58679423.15,21810954.46,36868468.69,422.6023526883225,5.21731299615213,24,18,20,19,0.371696811065192,19,7381172.86,352.8994482809607
Chimaltenango,Chimaltenango,70,137974771.47,35606235.05,102368536.42,617.3119135470588,8.81874162210084,33,11,26,0,0.2580633739824088,0,0.0,578.4815970042865
Chimaltenango,Comalapa,99,68348600.8,17760997.81,50587602.99,887.9641904714108,8.969335257286978,58,18,23,0,0.2598589817803556,0,0.0,723.6914849067207
Chimaltenango,El Tejar,40,93969261.35,51030848.47,42938412.88,223.29291055910355,5.582322763977588,9,12,19,0,0.5430589507342126,0,0.0,181.19683439228947
Chimaltenango,Multimunicipal - Chimaltenango,4,20706285.0,10304580.26,10401704.74,8.462482572368346,2.1156206430920865,3,0,1,0,0.49765471015201423,0,0.0,30.464937260526042
Chimaltenango,Parramos,53,48802198.9,29677553.84,19124645.06,224.85059484949477,4.242464053764052,13,24,10,6,0.6081191935800253,6,3576948.42,116.55130996759779
Chimaltenango,Patzicía,45,49821829.66,26527691.7,23294137.96,273.29973344277624,6.0733274098394725,10,20,15,0,0.5324511741345792,0,0.0,157.44955093504615
Chimaltenango,Patzún,55,65603653.14,26858894.77,39833429.28,299.91262838825855,5.4529568797865196,14,16,25,0,0.4094115721373378,0,0.0,312.5244975448044
Chimaltenango,Pochuta,37,34977328.769999996,12254343.85,22722984.92,200.7026937001299,5.424397127030538,16,19,2,0,0.35035104969223757,0,0.0,137.67137751484682
Chimaltenango,San Andrés Itzapa,69,48542609.6,19640473.81,28902135.79,307.56102527340744,4.457406163382717,28,6,29,6,0.40460275975768717,6,855997.17,432.02979609250536
Chimaltenango,San José Poaquil,59,49742906.62,18404497.66,31338408.96,367.95725468662675,6.236563638756386,20,21,18,0,0.36999240516034004,0,0.0,305.92738482349665
Chimaltenango,San Martín Jilotepeque,83,56040934.11,21896549.169999998,34144384.94,320.6101745941713,3.862773187881582,41,10,21,11,0.39072420040358957,11,6865737.03,460.9071147803754
Chimaltenango,Santa Apolonia,66,24902634.62,4864042.41,20038592.21,358.69486321449966,5.434770654765146,46,5,15,0,0.19532240199571302,0,0.0,556.384394359117
Chimaltenango,Santa Cruz Balanyá,57,70685084.76,31877593.82,38807490.94,391.87779047917326,6.875048955774969,11,23,17,6,0.45098048517923284,6,1549752.54,210.36418250474776
Chimaltenango,Tecpán Guatemala,80,54500546.17,23998426.46,30502119.71,483.68684548159035,6.04608556851988,33,24,23,0,0.4403336873935772,0,0.0,390.81379676659174
Chimaltenango,Yepocapa,70,93534247.82,40694026.93,52840220.89,230.5759546509413,3.2939422092991615,33,14,15,8,0.43507087380777104,8,3018705.22,340.0906635306755
Chimaltenango,Zaragoza,61,55088951.58,17139440.73,37949510.85,336.77321320809506,5.52087234767369,30,16,7,8,0.31112301538558346,8,3704963.69,302.05995819816195
Chiquimula,Camotán,75,105101162.7,37049048.8,68052113.9,533.2698088390571,7.110264117854094,30,13,32,0,0.35250845802488917,0,0.0,533.3914580518261
Chiquimula,Chiquimula,70,216438453.74,77310942.28999999,139127511.45,519.3554190189011,7.419363128841444,40,21,5,4,0.3571959647377214,4,3758843.0,357.7793823629571
Chiquimula,Concepción Las Minas,42,49767239.32,25711943.490000002,24055295.83,283.6666413226158,6.753967650538472,7,26,9,0,0.5166439577786088,0,0.0,106.22404313981234
Chiquimula,Esquipulas,57,118382530.67,40692505.36,77690025.31,457.7215927750325,8.030203382018113,19,29,6,3,0.3437374174187351,3,2766516.1900000004,209.83223381798044
Chiquimula,Ipala,47,74797126.23,22316595.3,52480530.93,253.84143857568648,5.400881671823116,18,28,1,0,0.29836166741723225,0,0.0,160.28342152496245
Chiquimula,Jocotán,69,65089822.13,6975326.79,58114495.34,619.1385210573009,8.973022044308708,53,7,9,0,0.10716463130085987,0,0.0,642.5300004960798
Chiquimula,Multimunicipal - Chiquimula,1,13975525.0,1025384.78,12950140.22,15.245674341222344,15.245674341222344,0,0,1,0,0.07337003654603316,0,0.0,27.44221381420022
Chiquimula,Olopa,85,61633545.3,25523434.53,36110110.77,477.84291816245843,5.62168139014657,41,32,12,0,0.4141159559419341,0,0.0,369.91103469255836
Chiquimula,Quezaltepeque,98,78034047.65,32582298.14,45477236.51,420.85606382285124,4.2944496308454205,66,23,8,1,0.41753951154935376,1,0.0,497.4881370536218
Chiquimula,San Jacinto,57,31456566.3,9751937.98,21704628.32,326.11632378576354,5.721339013785325,25,29,2,1,0.31001279310005303,1,187485.0,209.65156591419174
Chiquimula,San José La Arada,74,53559715.87,17061909.0,36497806.87,592.1307824694078,8.001767330667672,33,25,14,2,0.3185586167300182,2,362790.0,388.0684991761644
Chiquimula,San Juan Ermita,56,37137436.2,11340890.66,25796545.54,398.72041241194495,7.120007364499017,25,22,9,0,0.3053762408079209,0,0.0,280.8913706601754
El Progreso,El Jícaro,45,46068819.8,12858432.18,33210387.62,264.1374124993601,5.869720277763558,25,3,17,0,0.2791135574087357,0,0.0,376.5270264500699
El Progreso,Guastatoya,74,148370942.55,103637300.24,44483642.31,261.20820185267286,3.5298405655766603,21,37,5,11,0.6985013268691403,11,8411172.030000001,99.84067623495638
El Progreso,Morazán,64,49794319.86,15515346.33,34278973.53,325.70214200497594,5.089095968827749,33,8,23,0,0.31158867866098816,0,0.0,478.27908737704627
El Progreso,Multimunicipal - El Progreso,1,0.0,0.0,0.0,0.0,0.0,1,0,0,0,,0,0.0,0.0
El Progreso,San Agustín Acasaguastlán,71,56542976.87,14815719.45,41727257.42,354.42012827940886,4.99183279266773,34,11,26,0,0.2620258124021902,0,0.0,555.9097480908323
El Progreso,San Antonio La Paz,44,98909585.8,17221125.450000007,81688460.35,143.63352323395813,3.2643982553172304,27,15,2,0,0.17410977217943224,0,0.0,285.8428166525004
El Progreso,San Cristóbal Acasaguastlán,54,23138406.2,7953738.25,15184667.95,108.12014656193287,2.00222493633209,39,9,6,0,0.34374615871338626,0,0.0,324.94049965348864
El Progreso,Sanarate,73,56433830.2,26755256.6,29678573.599999998,320.69846591299006,4.39312967004096,45,19,8,1,0.47409960488558156,1,0.0,322.89817822810625
El Progreso,Sansare,36,63504234.1,24851332.75,38652901.35,189.3252802761305,5.259035563225847,12,14,10,0,0.39133347724289774,0,0.0,177.15798992007356
Escuintla,Escuintla,43,189932227.87,98008589.88,91923637.99000001,210.3838052315745,4.89264663329243,5,32,6,0,0.5160187451025027,0,0.0,81.18648357308966
Escuintla,Guanagazapa,78,40999589.92,10518757.64,30480832.28,452.6351484989887,5.803014724346009,62,14,2,0,0.25655763046714886,0,0.0,518.667841116798
Escuintla,Iztapa,58,66725430.67,38588363.28,28137067.39,175.504870722056,3.0259460469320003,16,26,16,0,0.5783156870255987,0,0.0,177.77226563365784
Escuintla,La Democracia,37,78917979.31,51265639.879999995,27652339.43,174.57372953948297,4.718208906472513,11,19,7,0,0.6496065957115038,0,0.0,84.10413671198458
Escuintla,La Gomera,25,108470361.75999999,69217541.46000001,39252820.3,117.11646743709177,4.684658697483671,6,18,0,1,0.6381240030631572,1,4435382.0,30.798955856123246
Escuintla,Masagua,55,107778448.43,21767115.14,86011333.28999999,207.05028511473944,3.764550638449808,31,7,14,3,0.20196166726353754,3,170000.0,454.61380386231616
Escuintla,Multimunicipal - Escuintla,3,83564135.0,59248997.89,24315137.11,12.398391255752056,4.132797085250686,1,1,1,0,0.7090242469451757,0,0.0,12.738540193832891
Escuintla,Nueva Concepción,38,39366774.47,11914714.16,27452060.310000002,188.4643063027607,4.959587007967387,29,3,6,0,0.3026591413802463,0,0.0,282.9332501699009
Escuintla,Palín,64,91796202.02,28191835.21,63604366.81,203.90863147461533,3.1860723667908646,43,6,15,0,0.3071133074095782,0,0.0,492.9203982015475
Escuintla,San José,65,311836259.25,61904507.83,249931751.42,518.5776870068062,7.978118261643172,27,16,22,0,0.19851606730688423,0,0.0,545.5043995402518
Escuintla,San Vicente Pacaya,37,68764052.66,33362721.67,35401330.99,171.74733754703658,4.641819933703691,7,27,3,0,0.4851767803006043,0,0.0,70.60854867153343
Escuintla,Santa Lucía Cotzumalguapa,53,108975592.96000001,52434695.64,56547758.53,315.94468793061066,5.961220526992654,20,24,9,0,0.48115999386437286,0,0.0,193.96004369020787
Escuintla,Sipacate,42,75000982.53,47304815.64,27696166.89,192.1337457048456,4.574612992972514,5,22,15,0,0.6307226124814874,0,0.0,107.13777951778926
Escuintla,Siquinalá,45,24026113.54,5486247.1,18539866.44,170.2801096206955,3.7840024360154554,37,5,3,0,0.22834517496415693,0,0.0,335.7185315951667
Escuintla,Tiquisate,36,102452732.93,35292086.68,67160646.25,248.83059397297396,6.911960943693721,8,22,5,1,0.34447189128779054,1,1398000.0,118.49335188824342
Guatemala,Amatitlán,91,168100814.37,90659271.69,77441542.68,319.965016085647,3.5160990778642525,23,37,17,14,0.5393148869014607,14,15396561.649999999,247.8016536438928
Guatemala,Chinautla,69,92959296.77,32474849.94,60484446.83,384.4892969608767,5.5723086516069085,27,31,11,0,0.3493448322909468,0,0.0,310.38820268117405
Guatemala,Chuarrancho,78,157208850.61,86615326.05,70593524.56,440.8666047737283,5.652135958637542,14,39,25,0,0.5509570594398228,0,0.0,249.15988205024672
Guatemala,Fraijanes,67,131184867.96,84530999.32,46778504.769999996,226.29113656659987,3.3774796502477593,32,12,22,1,0.6443654716775308,1,1714057.0,251.2778664221757
Guatemala,Guatemala,194,862356208.92,113211039.49,755924624.85,1012.0869219885831,5.216942896848367,122,31,18,23,0.13128106265018205,23,1826026.9000000001,1583.6406190562386
Guatemala,Mixco,41,479432616.39,158525657.8,320906958.59000003,334.9958332642504,8.170630079615863,21,12,7,1,0.33065263476159806,1,560000.0,256.8766346013589
Guatemala,Multimunicipal Guatemala,1,3701585.0,0.0,3701585.0,15.124271934419514,15.124271934419514,1,0,0,0,0.0,0,0.0,24.198835095071225
Guatemala,Palencia,49,174567362.95,94160847.98,81070451.34,311.28098618734214,6.352673187496778,12,21,16,0,0.5393954883019558,0,0.0,183.5666720334455
Guatemala,San José Pinula,42,82824945.7,24026138.66,58798807.04,194.47985871750723,4.630472826607315,31,4,7,0,0.29008336144312136,0,0.0,326.17293500325565
Guatemala,San José del Golfo,63,98897140.92,39148851.410000004,59748289.51,301.30240532822063,4.782577862352708,25,12,26,0,0.3958542284014898,0,0.0,409.29241511082984
Guatemala,San Juan Sacatepéquez,78,231040213.5,130363420.61,100676792.89,401.97861552209815,5.1535719938730535,14,34,30,0,0.5642455858014518,0,0.0,280.28622369525357
Guatemala,San Miguel Petapa,46,81940800.48,27146772.52,54794027.96,216.59196838911777,4.708521051937343,29,1,16,0,0.3312973800716768,0,0.0,380.16482021687443
Guatemala,San Pedro Ayampuc,53,111584640.57,31159382.5,80425258.07,504.2244121380417,9.513668153547957,15,24,14,0,0.2792443685872062,0,0.0,283.14325121275
Guatemala,San Pedro Sacatepéquez,291,75004827.69,21185358.13,53819469.56,840.9357014070871,2.8898134068972063,159,103,29,0,0.28245326044292124,0,0.0,1556.153904425697
Guatemala,San Raymundo,56,114697567.66,34496634.84,80200932.82,502.5051837391706,8.973306852485189,17,22,17,0,0.3007616948099456,0,0.0,321.81301331486947
Guatemala,Santa Catarina Pinula,34,200898077.08,118858651.23,82039425.85,79.63101299379576,2.342088617464581,13,12,9,0,0.591636579889558,0,0.0,124.91548398530456
Guatemala,Villa Canales,83,274885261.14,114498414.98,160386846.16,563.2693950795625,6.786378253970633,27,29,27,0,0.4165316630842771,0,0.0,439.9096497013712
Guatemala,Villa Nueva,77,407215531.77,170016850.47,237198681.29999998,441.14984597456527,5.729218778890458,47,17,13,0,0.4175107214869876,0,0.0,457.2914709657904
Huehuetenango,Aguacatán,85,81640738.67,12719189.49,68921549.18,573.4678044054535,6.746680051828865,52,4,10,19,0.15579463999477308,19,0.0,618.2598112337988
Huehuetenango,Barillas,49,37921705.0,8025631.07,29896073.93,284.3137630696518,5.802321695299017,38,9,2,0,0.2116368731311,0,0.0,349.44689845719864
Huehuetenango,Chiantla,86,76218499.35,11986666.370000001,64231832.980000004,321.5372319810885,3.738805023035913,68,4,11,3,0.15726715262336113,3,188370.0,773.919671813207
Huehuetenango,Colotenango,76,53565295.36,13555502.97,40009792.39,269.2517125488291,3.542785691431962,55,0,8,13,0.2530650279980086,13,6764124.0,537.027603762261
Huehuetenango,Concepción Huista,39,36377225.53,18395159.94,17988639.63,129.6321873893996,3.323902240753836,10,13,7,9,0.5056779254599739,9,5228017.76,108.43405230152963
Huehuetenango,Cuilco,48,52523697.599999994,21188457.85,31335239.75,267.6006268272736,5.575013058901533,20,13,13,2,0.4034075820663472,2,2208650.0,248.16844720483132
Huehuetenango,Huehuetenango,191,148969188.76,74489105.69,76280083.07,537.8338587273822,2.815884077106713,118,10,43,20,0.5000302835105538,20,24613931.45,999.2416535569705
Huehuetenango,Jacaltenango,26,51625477.8,26477793.77,25147684.03,91.16548929314413,3.506364972813236,19,2,4,1,0.5128822995610125,1,2987185.0,134.95527878653039
Huehuetenango,La Democracia,95,50287453.72,24699043.96,25588409.76,219.6989007241057,2.3126200076221655,31,22,6,36,0.4911571800299139,36,8873380.0,220.172062339564
Huehuetenango,La Libertad,63,22116801.05,6364205.8,15752595.25,142.77510203458363,2.266271460866407,57,1,5,0,0.2877543540592639,0,0.0,472.1792962568009
Huehuetenango,Malacatancito,65,56269668.45,10062080.67,46207587.78,318.32136202248824,4.8972517234228965,46,5,14,0,0.17881890807551043,0,0.0,583.2500420749926
Huehuetenango,Multimunicipal - Huehuetenango,12,66098014.0,34609353.69,32138218.54,51.264915197508415,4.272076266459035,9,3,0,0,0.5236065593438254,0,0.0,54.900797455258164
Huehuetenango,Nentón,74,33026642.16,12182322.6,20844319.56,213.99955404145243,2.891885865425033,56,10,7,1,0.36886349332704915,1,37485.0,439.25559093833414
Huehuetenango,Petatán,33,46012478.06,16214865.88,29797612.18,210.5816794603701,6.381263013950609,14,12,7,0,0.35240149115324565,0,0.0,171.39753232202136
Huehuetenango,San Antonio Huista,46,18896500.3,6083693.3,12812807.0,81.55525425792322,1.7729403099548526,42,2,2,0,0.3219481493088961,0,0.0,315.81943004420685
Huehuetenango,San Gaspar Ixchil,26,32306531.96,10502067.72,21804464.24,172.62210864315273,6.63931187089049,14,1,10,1,0.32507567612032845,1,1214435.7,203.05744352679662
Huehuetenango,San Ildefonso Ixtahuacán,52,57960679.89,5259806.12,52700873.769999996,456.6581324416057,8.78188716233857,43,3,6,0,0.09074783335844683,0,0.0,513.5989998806559
Huehuetenango,San Juan Atitán,70,28043120.0,9500644.3,18542475.7,159.07750478759152,2.272535782679879,62,3,5,0,0.3387869930307327,0,0.0,478.5188715007899
Huehuetenango,San Juan Ixcoy,50,16270911.4,4025183.6,12245727.799999999,120.98764940439125,2.419752988087825,45,0,3,2,0.24738525710366785,2,2015056.0,379.9113744006879
Huehuetenango,San Mateo Ixtatán,51,37044344.51,3294840.86,33749503.65,281.5863856262157,5.521301678945406,44,0,6,1,0.08894315457817234,1,590000.0,511.25737475068115
Huehuetenango,San Miguel Acatán,46,34836466.11,13315569.29,21520896.82,138.56713043859082,3.012328922578061,23,5,8,10,0.38223077070890643,10,2444253.25,227.43972111337956
Huehuetenango,San Pedro Necta,47,55334756.6,12114913.64,43219842.96,283.7292498794087,6.036792550625718,39,4,4,0,0.21893859093978557,0,0.0,384.34310917856766
Huehuetenango,San Pedro Soloma,49,21227474.0,7500735.03,13693011.969999999,143.43499687032119,2.9272448340881874,40,4,5,0,0.35335033410004413,0,0.0,316.3755475488831
Huehuetenango,San Rafael Petzal,33,37734475.4,12193955.2,25540520.2,86.73430128218226,2.628312160066129,23,4,6,0,0.32315157613135914,0,0.0,231.44375703475674
Huehuetenango,San Rafael la Independencia,50,24483683.55,10443647.55,14040036.0,162.64025716190872,3.2528051432381746,41,0,9,0,0.4265554048953553,0,0.0,320.00695697299506
Huehuetenango,San Sebastián Coatán,38,13509427.4,5435890.2,8073537.2,78.01445265950244,2.0530119120921695,28,3,6,1,0.4023775426632812,1,0.0,221.75803442882972
Huehuetenango,San Sebastián Huehuetenango,61,57022608.1,20527071.93,36495536.17,242.39126033140795,3.973627218547671,26,6,24,5,0.359981288369025,5,1129423.0,409.1964181102442
Huehuetenango,Santa Ana Huista,44,43301045.2,17107689.84,26193355.36,161.2822795182799,3.6655063526881793,23,15,6,0,0.39508722620857195,0,0.0,208.4773029835466
Huehuetenango,Santa Bárbara,61,82696464.52,53666938.76,29029525.759999998,207.07409006762686,3.394657214223391,34,10,12,5,0.6489629160267274,5,5571937.5,198.38906787861785
Huehuetenango,Santa Eulalia,60,34043819.81,3708118.98,30335700.83,180.94004796719616,3.015667466119936,55,2,3,0,0.10892194238763948,0,0.0,562.5295502649994
Huehuetenango,Santiago Chimaltenango,57,22666104.1,1590000.0,21076104.1,315.15181173639246,5.528979153270043,53,0,2,2,0.0701487998548458,2,224870.0,541.742014815095
Huehuetenango,Tectitán,62,28359908.0,1521700.6,26838207.4,332.0951136490563,5.356372800791231,59,2,1,0,0.053656753752515704,0,0.0,604.1172500524799
Huehuetenango,Todos Santos Cuchumatán,60,62877855.79,21331017.98,41546837.81,280.1135064159436,4.668558440265727,38,6,7,9,0.3392453147772964,9,4548217.9,348.8303152661874
Huehuetenango,Unión Cantinil,60,50465549.95,27263846.8,23201703.15,154.8729128221878,2.58121521370313,58,1,1,0,0.5402466995210066,0,0.0,298.4566409168217
Izabal,El Estor,77,137704025.97,37890446.94,99813579.03,664.3269168665538,8.627622296968232,22,35,20,0,0.2751585995623306,0,0.0,410.23605170317944
Izabal,Livingston,59,76123233.22,32944484.49,43178748.73,371.66527812258266,6.299411493603096,16,27,16,0,0.4327783134853031,0,0.0,240.87637254551228
Izabal,Los Amates,51,51972794.0,3614068.2,48358725.8,440.8352071514381,8.64382759120467,48,1,2,0,0.069537693124599,0,0.0,519.0673790384503
Izabal,Morales,87,198223629.27,68003813.52,130219815.75,610.0992013558757,7.012634498343399,57,23,6,1,0.34306613076573295,1,2232324.0,502.0264032328158
Izabal,Puerto Barrios,76,393883188.53,81657061.06,312226127.47,600.2867966375301,7.898510482072764,43,20,13,0,0.20731288726678068,0,0.0,583.6128873336947
Jalapa,Jalapa,94,201136643.8,79276251.33,121860392.47,552.9512802271903,5.882460427948833,57,22,15,0,0.3941412655211064,0,0.0,546.7512574175471
Jalapa,Mataquescuintla,71,66784736.99,22619250.96,44165486.03,609.2509431613848,8.580999199456125,33,24,13,1,0.3386889277318991,1,0.0,371.7427509570007
Jalapa,Monjas,47,45799283.2,12898509.600000001,32900773.6,206.1283302953197,4.385709155219568,36,4,7,0,0.2816312548751855,0,0.0,357.3466189151782
Jalapa,Multimunicipal - Jalapa,1,0.0,0.0,0.0,0.0,0.0,1,0,0,0,,0,0.0,0.0
Jalapa,San Carlos Alzatate,67,80026391.16,28999778.62,51026612.54,505.5485706993048,7.545501055213504,26,32,9,0,0.3623776881556432,0,0.0,276.16011205733594
Jalapa,San Luis Jilotepeque,55,66471767.4,32229341.05,34242426.35,251.55544984468628,4.573735451721569,11,33,6,5,0.4848575915855669,5,802440.0,115.05827765945018
Jalapa,San Manuel Chaparrón,49,45076143.88,12530156.86,32545987.02,428.9853010929334,8.75480206312109,23,7,19,0,0.27797756820896896,0,0.0,381.7447483538302
Jalapa,San Pedro Pinula,129,118356067.05,33957419.02,84398648.03,966.110570723577,7.489229230415326,57,14,52,6,0.28690898461212433,6,1867840.8,1018.0452345915867
Jutiapa,Agua Blanca,49,30417696.0,13007956.4,17409739.6,109.06536171300442,2.2258237084286616,28,8,13,0,0.4276443685938606,0,0.0,278.10822563231704
Jutiapa,Asunción Mita,48,44104495.83,8778498.43,35325997.4,183.96404194345132,3.832584207155236,37,5,6,0,0.1990386300715593,0,0.0,394.7602384967842
Jutiapa,Atescatempa,60,46019137.75,17345455.15,28673682.6,143.49924902278872,2.391654150379812,41,8,11,0,0.37691829960460305,0,0.0,378.1938541175414
Jutiapa,Comapa,66,45814057.2,17699118.46,28114938.740000002,410.531717813903,6.220177542634894,31,15,20,0,0.386325061383125,0,0.0,385.38026118865344
Jutiapa,Conguaco,50,59894715.2,19460703.96,39975912.44,372.14877794994374,7.442975558998874,26,3,14,7,0.32491520988148886,7,5432642.0,336.08768724766287
Jutiapa,El Adelanto,55,32547230.89,16884491.23,15662739.66,180.29758763348576,3.2781379569724685,25,9,21,0,0.5187689019402166,0,0.0,273.04140787729676
Jutiapa,El Progreso,64,104790546.78,48692937.09,56097609.69,320.7766614967153,5.012135335886176,24,14,18,8,0.4646691766216968,8,4830047.82,294.6090023709467
Jutiapa,Jalpatagua,55,70616529.02,40659609.95,29956919.07,337.7172063424855,6.140312842590645,15,4,36,0,0.5757803521960758,0,0.0,297.47285521352967
Jutiapa,Jerez,73,45032070.0,15341333.01,29690736.990000002,227.06450091595428,3.110472615287045,42,8,23,0,0.3406757231013364,0,0.0,518.2161517600036
Jutiapa,Jutiapa,118,142851508.32,27516846.86,115334661.46,636.5783300976896,5.394731610997369,54,17,47,0,0.19262552550974704,0,0.0,1076.383134752266
Jutiapa,Moyuta,52,167672228.9,65217850.86,102454378.04,170.12181359308877,3.27157333832863,22,13,17,0,0.38896036205790546,0,0.0,321.68982263270095
Jutiapa,Multimunicipal - Jutiapa,2,0.0,0.0,0.0,0.0,0.0,2,0,0,0,,0,0.0,0.0
Jutiapa,Pasaco,50,79722497.32,46489948.559999995,33232548.76,319.01235322546097,6.380247064509219,23,22,5,0,0.5831471682753854,0,0.0,142.58383285528168
Jutiapa,Quesada,68,64051794.86,28433454.94,34563339.92,413.31035766741167,6.078093495108995,35,26,6,1,0.4439134766191625,1,86600.0,267.8865806425905
Jutiapa,San José Acatempa,49,60486024.8,18524577.51,41961447.29,175.18568297908664,3.57521801998136,33,6,10,0,0.3062621088301376,0,0.0,357.99385130337555
Jutiapa,Santa Catarina Mita,62,60773371.51,26474478.32,34298893.19,258.5614011522444,4.17034517987491,19,10,33,0,0.43562628931395947,0,0.0,392.46508176704157
Jutiapa,Yupiltepeque,55,42723069.9,19925836.41,22797233.490000002,173.31657663316003,3.151210484239273,15,18,12,10,0.4663952393084,10,2896265.0,183.7611494884891
Jutiapa,Zapotitlán,80,13850212.75,10793684.82,3056527.93,23.11077816563556,0.2888847270704445,70,6,4,0,0.7793154527536048,0,0.0,167.6549506126367
Multidepartamental Región III,Multidepartamental Región III,2,0.0,0.0,0.0,0.0,0.0,2,0,0,0,,0,0.0,0.0
Multidepartamental Región IV,Multidepartamental Región IV,2,5500000.0,262139.61,5237860.39,14.780536177961773,7.3902680889808865,1,1,0,0,0.04766174727272727,0,0.0,23.648857884738838
Multidepartamental Región V,Multidepartamental Región V,1,0.0,0.0,0.0,0.0,0.0,1,0,0,0,,0,0.0,0.0
Multidepartamental Región VI,Multidepartamental Región VI,3,1800000.0,494450.0,1305550.0,10.44679189701032,3.4822639656701067,2,0,1,0,0.27469444444444446,0,0.0,31.340375691030957
Multiregional - Nacional,Multiregional - Nacional,19,221061303.0,36194240.2,184867062.8,96.40533295000067,5.073964892105298,15,1,3,0,0.16372942576928537,0,0.0,199.24396277086706
Petén,Dolores,31,108892691.44,85030260.0,23862431.64,138.5078825066519,4.4679962098919965,3,7,18,3,0.7808628740419349,3,4248361.62,69.7515715658092
Petén,El Chal,65,41814803.11,14428391.02,27386412.09,430.15097118633383,6.617707249020521,28,23,3,11,0.34505462053818575,11,3313535.12,232.16829463241908
Petén,Flores,57,155787850.14,58846866.24,96940983.89999999,314.7125634067021,5.521273042222844,10,28,11,8,0.3777371995769683,8,3009996.0,185.46623053138813
Petén,La Libertad,73,71260943.25,39821532.76,31439410.490000002,152.4746413267026,2.088693716804145,34,17,4,18,0.5588128776277459,18,8086095.45,196.24608980969293
Petén,Las Cruces,58,82832074.33,61739568.39,21092505.939999998,134.57222171123118,2.3202107191591583,25,25,3,5,0.7453582309677744,5,3080072.45,85.42589579086868
Petén,Melchor de Mencos,57,227251841.18,72958487.74,154293353.44,383.0477380743746,6.720135755690782,9,32,14,2,0.321046849878816,2,1753611.2,229.92858513916602
Petén,Poptún,51,128994360.17,55390210.6,73604149.57000001,341.0967236058741,6.688171051095571,15,26,9,1,0.42940025073190763,1,720000.0,183.2850861052515
Petén,San Andrés,59,63583388.77,31793934.44,31789454.330000002,345.1826264817561,5.850552991216205,13,24,14,8,0.5000352301920884,8,2060134.19,179.6659680454428
Petén,San Benito,65,143613111.94,39310360.61,104302751.33,438.6198258633805,6.747997320975085,12,34,7,12,0.27372403591131317,12,3565843.17,188.25097875811664
Petén,San Francisco,58,105137710.8,47465460.59,54987054.20999999,188.04209550608368,3.2421050949324774,35,14,4,5,0.4514599017691377,5,2317889.8,255.32550156066284
Petén,San José,59,57526670.4,18475144.21,39051526.19,189.73333026820504,3.215819157088221,33,10,11,5,0.3211578921835184,5,2883798.4,359.0298655693463
Petén,San Luis,92,81046809.07,40249117.41,40797691.660000004,736.9596475728003,8.010430951878265,46,31,10,5,0.496615694952739,5,3796693.6,335.50849380000875
Petén,Santa Ana,79,130651458.6,64343342.89,66308115.71,437.2766219515368,5.535147113310592,42,12,19,6,0.49248086151867887,6,6075806.6,392.65994977092595
Petén,Sayaxché,66,180584717.0,88856775.28,91727941.72,138.7976735961997,2.102995054487874,46,12,3,5,0.4920503614932154,5,3756682.0,299.36673697118397
Quetzaltenango,Almolonga,35,8818859.0,478951.57,8339907.43,127.91392393641904,3.654683541040544,32,1,2,0,0.054309924900715616,0,0.0,329.70008157314163
Quetzaltenango,Cabricán,56,37608457.77,14679218.38,22929239.39,312.88188186243434,5.587176461829185,21,21,14,0,0.3903169459852062,0,0.0,263.73665944210177
Quetzaltenango,Cajolá,49,47605367.19,22155019.91,25450347.28,227.77164041589742,4.6484008248142334,18,22,8,1,0.46538911928934545,1,3583400.0,172.00992863325905
Quetzaltenango,Cantel,70,62947709.54,17151301.4,45796408.14,391.6526254797511,5.595037506853587,40,13,17,0,0.27246903064997524,0,0.0,504.3038475461809
Quetzaltenango,Coatepeque,80,72668852.42,27703190.9,44966261.519999996,292.7880212264885,3.6598502653311065,35,17,23,5,0.3812251050819607,5,2794771.64,452.5085376471278
Quetzaltenango,Colomba,98,28151882.95,11863439.32,16408863.38,391.2762665199144,3.992614964488922,65,26,7,0,0.42140837758775923,0,0.0,452.56423736287724
Quetzaltenango,Concepción Chiquirichapa,79,39153105.72,19274451.02,19878654.7,272.7614424051672,3.452676486141357,30,20,14,15,0.49228408999887635,15,9269486.7,268.06704884056796
Quetzaltenango,El Palmar,52,33275806.9,9632305.78,23643501.12,258.4341055910506,4.969886645981742,33,6,10,3,0.2894687365192037,3,1333316.4,354.4313448319927
Quetzaltenango,Flores Costa Cuca,46,9849356.6,2413475.0,7435881.6,63.765262298198174,1.386201354308656,38,3,5,0,0.24503884852742566,0,0.0,337.9667295889648
Quetzaltenango,Génova,62,40486549.25,5023020.14,35463529.11,303.17507476293554,4.8899205606925085,50,3,9,0,0.12406639323552623,0,0.0,586.1130607210295
Quetzaltenango,Huitán,46,23933423.79,4118092.49,19815331.3,98.52009084649556,2.1417411053585993,36,2,8,0,0.17206449549941305,0,0.0,407.9509879897673
Quetzaltenango,La Esperanza,67,54220373.94,15498367.98,38722005.96,367.04560082961933,5.478292549695811,29,27,11,0,0.28584030049572173,0,0.0,345.93398148025204
Quetzaltenango,Multimunicipal - Quetzaltenango,2,122220.0,122220.0,0.0,0.0,0.0,1,0,0,1,1.0,1,122220.0,0.0
Quetzaltenango,Olintepeque,117,41961921.32,15660681.26,26502648.32,413.7734960967687,3.53652560766469,94,6,17,0,0.3732117302392387,0,0.0,781.1106833421649
Quetzaltenango,Palestina de los Altos,110,33021178.54,14291468.63,18729709.91,323.6568752221925,2.9423352292926594,79,26,5,0,0.4327970491025364,0,0.0,514.5570840227042
Quetzaltenango,Quetzaltenango,60,156706180.08,68185973.51,88520206.57,246.2515233122915,4.104192055204859,31,9,8,12,0.4351198751395153,12,13280296.6,277.1397707240291
Quetzaltenango,Salcajá,58,35808267.39,17257927.75,18550339.64,188.8406042095482,3.2558724863715205,28,14,16,0,0.4819537220842899,0,0.0,275.72852298575367
Quetzaltenango,San Carlos Sija,138,55326431.11,14319891.29,41006539.82,552.1975753755588,4.001431705619991,86,25,26,1,0.2588255017123587,1,569959.0,969.9239853088084
Quetzaltenango,San Francisco la Unión,37,19229519.63,5962311.66,13267207.97,84.79687508745809,2.2918074347961648,31,5,1,0,0.3100603538061445,0,0.0,236.06141946296682
Quetzaltenango,San Juan Ostuncalco,60,19282520.62,6612458.53,12670062.09,146.32898413284326,2.438816402214054,44,8,8,0,0.3429250075916683,0,0.0,372.55178640998963
Quetzaltenango,San Martín Sacatepéquez,74,34648557.44,3560024.79,31088532.65,378.46162909627793,5.114346339138891,57,3,14,0,0.10274669576546736,0,0.0,722.7730443897817
Quetzaltenango,San Mateo,42,5726337.19,1070553.29,4655783.9,53.207780342896164,1.266851912926099,38,3,1,0,0.18695254129804395,0,0.0,311.2267911212167
Quetzaltenango,San Miguel Siguilá,72,20933914.58,11284359.38,9649555.2,76.39464770952563,1.0610367737434114,52,6,14,0,0.5390467863464455,0,0.0,337.22813569518445
Quetzaltenango,Sibilia,58,19192965.59,1968079.9900000002,17224885.6,319.87427428092553,5.515073694498716,55,2,1,0,0.10254173492737452,0,0.0,523.7547541101478
Quetzaltenango,Zunil,58,33318121.18,8872111.6,24446009.58,179.93770675939533,3.102374254472333,39,9,4,6,0.2662848709886348,6,2682754.0,350.7719547528894
Quiché,Canillá,61,56575767.21,21551428.419999998,35024338.79,328.3753137708297,5.383201865095568,35,16,10,0,0.3809303785489045,0,0.0,331.5320505274939
Quiché,Chajul,80,57716493.21,12929638.05,44786855.16,322.9240973128806,4.036551216411008,54,5,20,1,0.224019813590473,1,72576.0,685.0586232566694
Quiché,Chicamán,66,79758993.0,39751628.42,40007364.58,396.65978981380994,6.009996815360757,21,7,35,3,0.49839681927779605,3,462501.65,379.6594521897631
Quiché,Chichicastenango,81,101850440.61,27856237.85,73994202.76,672.2979050402839,8.299974136299802,30,26,25,0,0.27350139757043906,0,0.0,522.4408558474379
Quiché,Chiché,46,56392726.09,6471252.6,49921473.489999995,521.3082889365027,11.332788889923972,20,0,26,0,0.11475332101647649,0,0.0,534.0315705709586
Quiché,Chinique,44,22212890.44,3548327.4,18664563.04,185.16770710827697,4.208356979733567,36,5,3,0,0.1597418134116543,0,0.0,355.3490391416198
Quiché,Cunén,68,31655910.05,13185336.7,18470573.35,159.046639650385,2.3389211713291913,52,14,2,0,0.41652053847682696,0,0.0,340.60071997271456
Quiché,Ixcán,98,145654640.41,45911588.62,99743051.79,581.1303712105155,5.929901747046077,87,2,9,0,0.31520855422638433,0,0.0,777.4599127664219
Quiché,Joyabaj,69,80892946.55,23105103.48,57787843.07,291.62332772893376,4.226425039549764,41,17,11,0,0.2856256875958736,0,0.0,447.4677242587006
Quiché,Multimunicipal - Quiché,4,33802522.0,16005757.91,17796764.09,23.039090152392376,5.759772538098094,3,1,0,0,0.47350780246515334,0,0.0,25.556420278183207
Quiché,Pachalum,69,60311604.67,24042176.38,36269428.29,451.95602452180356,6.550087311910197,28,24,16,1,0.39863267627430543,1,3359160.0,329.66961156349333
Quiché,Patzité,35,25896572.8,6384547.52,19512025.28,105.74818225398688,3.021376635828197,26,7,2,0,0.24654024952676362,0,0.0,234.07516048807446
Quiché,Sacapulas,54,37870963.3,9820948.6,28050014.7,261.3396530621808,4.8396232048552,33,3,18,0,0.2593266118477636,0,0.0,454.9432769255051
Quiché,San Andrés Sajcabajá,56,52111126.120000005,21604310.560000002,31130591.79,310.27421595095745,5.54061099912424,16,37,2,1,0.4145815331307601,1,560000.0,126.90727662943198
Quiché,San Antonio Ilotenango,44,43503723.62,7938660.95,35565062.67,227.08300354337993,5.160977353258635,31,11,2,0,0.18248233230201827,0,0.0,304.8304049852208
Quiché,San Bartolomé Jocotenango,56,39704000.2,16359438.05,23344562.15,280.3478049359154,5.006210802427061,39,12,5,0,0.41203500825088146,0,0.0,292.1678805413514
Quiché,San Juan Cotzal,52,55413877.28,13550665.67,41863211.61,309.89805371016547,5.95957795596472,31,14,7,0,0.24453559893544413,0,0.0,339.4487276569659
Quiché,San Pedro Jocopilas,72,67944761.06,22019372.06,45925389.0,497.69422081058417,6.912419733480336,27,12,28,5,0.3240775553034228,5,3.0,482.7130840354329
Quiché,Santa Cruz del Quiché,148,58108806.79,8602153.85,49506652.94,481.9195325918565,3.256213058053085,120,11,17,0,0.14803528630500726,0,0.0,1319.0287137202426
Quiché,Santa María Nebaj,93,145115874.27,61194558.48,83921315.79,535.0838952252568,5.753590271239321,59,16,18,0,0.42169444788750327,0,0.0,552.1005558416149
Quiché,Uspantán,95,120584235.69,54502434.69,69573215.5,679.1670565203076,7.14912691074008,24,33,38,0,0.45198640086019026,0,0.0,467.0390812266014
Quiché,Zacualpa,57,59362563.24,15655181.51,43707381.730000004,443.8976312138553,7.787677740593952,21,6,30,0,0.26372145432310345,0,0.0,495.52205513807974
Retalhuleu,Champerico,37,39898988.8,5771204.23,34127784.57,161.8087969484083,4.373210728335359,21,4,12,0,0.14464537582466253,0,0.0,347.3109186992955
Retalhuleu,El Asintal,144,38304731.0,9346673.68,28958057.32,659.7451951390453,4.581563855132259,112,21,11,0,0.24400833620264817,0,0.0,1016.4334136051967
Retalhuleu,Multimunicipal - Retalhuleu,2,10378611.0,0.0,10378611.0,16.155257708071087,8.077628854035543,2,0,0,0,0.0,0,0.0,35.541566957756395
Retalhuleu,Nuevo San Carlos,186,52116401.6,13701425.09,38414976.51,557.4398030676782,2.996988188535904,150,12,24,0,0.26290044341818103,0,0.0,1443.3461376794671
Retalhuleu,Retalhuleu,92,44816124.6,8130965.09,36685159.51,407.40793055828993,4.42834707128576,83,3,6,0,0.18142945563838422,0,0.0,801.8431936219994
Retalhuleu,San Andrés Villa Seca,61,36393469.0,5800077.9,30593391.1,251.05728578682286,4.115693209620047,51,3,7,0,0.1593713943564984,0,0.0,544.431668090535
Retalhuleu,San Felipe Retalhuleu,82,33815076.21,8327788.32,25487287.89,214.27479745173648,2.613107285996786,66,4,12,0,0.24627442115707124,0,0.0,655.9584396800933
Retalhuleu,San Martín Zapotitlán,62,33492410.6,21293124.0,12199286.6,117.39896896096823,1.8935317574349715,37,12,12,1,0.6357596726704408,1,89650.0,207.00506501951074
Retalhuleu,San Sebastián,67,29889901.87,11822213.44,18067688.43,308.41244096596574,4.603170760686056,61,6,0,0,0.39552533465711237,0,0.0,391.2220338327611
Retalhuleu,Santa Cruz Muluá,44,30883902.2,6372503.0,24511399.2,230.68734112056245,5.242894116376419,29,4,11,0,0.2063373649719691,0,0.0,372.2946675685748
Sacatepéquez,Alotenango,34,53083165.24,31681927.97,21401237.27,159.73667864262035,4.698137607135893,7,25,0,2,0.5968356978480734,2,193971.3,37.290410460574854
Sacatepéquez,Antigua Guatemala,76,162086777.48,80057660.07,81029117.41,313.0770679200835,4.119435104211625,48,27,1,0,0.49391851275393744,0,0.0,292.743574181419
Sacatepéquez,Ciudad Vieja,45,85825234.34,30213937.86,55611296.480000004,287.553831750744,6.390085150016533,7,25,5,8,0.3520402605637674,8,4979794.5200000005,108.89869105813918
Sacatepéquez,Jocotenango,27,11458387.4,1771233.6400000001,9687153.76,72.2631119202212,2.6764115526007854,23,3,1,0,0.15457966100884318,0,0.0,214.3698782318626
Sacatepéquez,Magdalena Milpas Altas,39,29480091.7,9114654.540000001,20365437.16,218.5549199126163,5.6039723054517,12,0,24,3,0.30917999281528696,3,1253646.35,325.55499799401395
Sacatepéquez,Pastores,49,39190938.67,11986073.74,27204864.93,327.58080120134025,6.68532247349674,20,14,10,5,0.30583788362219394,5,1716135.87,254.87070003742556
Sacatepéquez,San Antonio Aguas Calientes,46,20190627.740000002,3716044.0,16474583.74,91.56668588232856,1.9905801278767077,36,1,2,7,0.1840479675942953,7,3550665.74,332.1427765271161
Sacatepéquez,San Bartolomé Milpas Altas,61,40475856.25,19527341.38,20948514.87,232.1712038227436,3.806085308569567,26,19,8,8,0.4824441825118894,8,3954551.73,208.5092511188251
Sacatepéquez,San Lucas Sacatepéquez,61,74432514.26,32510490.65,41922023.61,371.75378796975036,6.094324392946727,32,26,3,0,0.43677807975742555,0,0.0,230.71491435951165
Sacatepéquez,San Miguel Dueñas,37,64040861.99,19906231.56,44134630.43,251.60669713161883,6.800181003557266,16,17,3,1,0.3108364088401615,1,0.0,161.04058815571085
Sacatepéquez,Santa Catarina Barahona,37,37161769.7,11074149.75,26087619.95,264.1083772469733,7.138064249918197,13,17,3,4,0.29799844946566145,4,2122923.2,137.04815481632986
Sacatepéquez,Santa Lucía Milpas Altas,58,54913997.9,28402419.59,26511578.31,199.41048476309916,3.43811180626033,33,18,2,5,0.5172163870079473,5,2283787.63,192.72559930714817
Sacatepéquez,Santa María de Jesús,34,42228280.62,18336865.51,23891415.11,207.50580292107708,6.103111850619914,5,22,5,2,0.4342318759081885,2,1008689.6,79.47277279661627
Sacatepéquez,Santiago Sacatepéquez,48,44023133.8,19175206.75,24847927.05,125.04958460181132,2.6051996792044023,24,11,4,9,0.43557114396067825,9,6520082.72,184.77380131485003
Sacatepéquez,Santo Domingo Xenacoj,31,41587489.89,19120007.98,22467481.91,140.72013426701437,4.5393591699036895,6,17,6,2,0.45975383536185815,2,865000.0,89.09043575976152
Sacatepéquez,Sumpango,57,25466356.35,8793927.6,16672428.75,208.3624680794061,3.655481896129932,42,6,1,8,0.3453155009354135,8,5467752.6,301.4347197782883
San Marcos,Ayutla,54,107230917.2,4506986.63,102723930.57,118.6630192468431,2.1974633193859834,43,7,4,0,0.04203066380187597,0,0.0,531.3998218372926
San Marcos,Catarina,67,47794418.57,13725463.88,34068954.69,374.5719070928703,5.590625478998064,39,16,12,0,0.287177128431798,0,0.0,428.5507221780155
San Marcos,Comitancillo,91,67029803.7,30897666.59,36132137.11,440.6799124564178,4.842636400619976,63,5,13,10,0.4609541559794244,10,14858850.0,477.92660422232535
San Marcos,Concepción Tutuapa,97,67166241.6,25500615.669999998,41665625.93,508.5453064461669,5.24273511800172,53,22,21,1,0.3796641744801752,1,271400.0,554.5336993017959
San Marcos,El Quetzal,39,21413549.6,4869497.77,16544051.83,175.53708405891385,4.5009508733054835,25,6,8,0,0.22740264276409358,0,0.0,292.1202756560521
San Marcos,El Rodeo,47,20505229.2,9321823.1,11183406.1,105.57548250279281,2.2462868617615492,29,4,11,3,0.45460711553519234,3,1228375.0,249.7596078472535
San Marcos,El Tumbador,43,26981855.0,16978601.9,10003253.1,140.82070889533546,3.2749002068682667,30,4,6,3,0.6292599934289173,3,6499500.0,150.97796168180923
San Marcos,Esquipulas Palo Gordo,51,29365978.69,15405050.25,13960928.440000001,108.63903097508624,2.1301770779428675,37,10,4,0,0.5245883480548149,0,0.0,215.816528860181
San Marcos,Ixchiguán,86,29075870.0,8001701.600000001,21074168.4,202.07851675010792,2.349750194768697,67,4,15,0,0.2752007626942891,0,0.0,662.6580688780468
San Marcos,La Blanca,51,89596765.89,32826272.86,56770493.03,359.6340215564921,7.051647481499844,9,23,19,0,0.3663778768566442,0,0.0,250.60637196560765
San Marcos,La Reforma,44,17119583.2,5876348.73,11243234.47,137.0988018960668,3.115881861274245,37,4,3,0,0.3432530255759965,0,0.0,280.02822849379015
San Marcos,Malacatán,82,162468173.35,46709473.4,115758699.95,358.29140768751586,4.3694074108233645,43,7,31,1,0.28749922176680887,1,1.0,695.0795804673068
San Marcos,Multimunicipal - San Marcos,4,64400000.0,43013552.440000005,21386447.559999995,17.27082042724769,4.317705106811922,2,1,1,0,0.6679123049689442,0,0.0,17.913432143970724
San Marcos,Nuevo Progreso,73,61802190.45,24352537.74,38568244.27,498.933383387197,6.834703882016397,34,23,16,0,0.3940400423137429,0,0.0,371.77410920757274
San Marcos,Ocós,38,83868266.68,59715693.45,24152573.229999997,291.4521072727336,7.6697922966508845,27,7,4,0,0.7120177370285435,0,0.0,107.18499992068858
San Marcos,Pajapita,45,13810301.15,2274157.0,11536144.15,187.125893907504,4.158353197944534,39,2,4,0,0.16467106512011145,0,0.0,379.0468274951546
San Marcos,Río Blanco,45,28805319.0,16112189.0,12693130.0,158.5455262272093,3.5232339161602066,27,2,12,4,0.5593477024156546,4,3404920.0,202.84048987972778
San Marcos,San Antonio Sacatepéquez,153,38442386.75,21728096.6,16714290.15,237.56921973701108,1.552739998281118,89,13,21,30,0.5652119557847173,30,6362512.7,540.652234401123
San Marcos,San Cristóbal Cucho,45,17217585.6,6213939.6,11003646.0,77.59748384303376,1.7243885298451946,34,6,5,0,0.3609065605574802,0,0.0,270.4647424701221
San Marcos,San José Ojetenán,93,44838916.05,13063785.81,31775130.24,393.9799549353265,4.236343601455124,59,7,17,10,0.2913492778334012,10,4098750.0,624.2712202129019
San Marcos,San Lorenzo,40,19774897.2,3480501.4,16294395.8,100.06063392568609,2.5015158481421524,35,3,2,0,0.17600604265088166,0,0.0,326.69564481028647
San Marcos,San Marcos,235,143858498.43,43361078.5,100497419.92999999,1166.1374725799012,4.9622871173612815,122,52,37,24,0.3014147858709858,24,4280127.9,1362.1116274550639
San Marcos,San Miguel Ixtahuacán,78,38738448.2,15609806.4,23128641.8,355.6657975940355,4.55981791787225,35,20,23,0,0.4029538385071398,0,0.0,421.44453538785
San Marcos,San Pablo,83,77521647.17,27191403.39,50330243.78,464.60421817445473,5.597641182824756,31,28,10,14,0.3507588445633901,14,6339609.72,325.5187839695209
San Marcos,San Pedro Sacatepéquez,160,81943069.36,28294605.509999998,53648463.85,486.30874846497005,3.039429677906063,136,9,15,0,0.34529589544288947,0,0.0,1128.5509398953302
San Marcos,San Rafael Pié de la Cuesta,76,41492800.05,16212848.84,25279951.21,280.4940429351963,3.690711091252583,37,22,17,0,0.3907388467508353,0,0.0,393.2841197883587
San Marcos,Sibinal,76,30663863.4,7557124.24,23106739.16,361.94066195121746,4.762377130937072,52,14,10,0,0.2464504926016596,0,0.0,522.203431826732
San Marcos,Sipacapa,54,42377653.2,6759370.39,35618282.81,333.6034923440418,6.1778424508155885,38,10,6,0,0.15950317867059233,0,0.0,422.16219525788836
San Marcos,Tacaná,96,103471405.78,33931022.35,69540383.42999999,698.2228695686949,7.273154891340572,47,16,26,7,0.3279265618768517,7,8230059.0,620.1492415307373
San Marcos,Tajumulco,215,33873251.45,8068764.27,25804487.18,436.28504325177084,2.029232759310562,194,11,10,0,0.23820459874984923,0,0.0,1656.2973024466146
San Marcos,Tejutla,109,34677807.8,13307407.4,21370400.4,303.23699974972976,2.7819908233920163,84,5,2,18,0.38374419388759634,18,12450000.0,567.0572443264787
Santa Rosa,Barberena,45,93575520.36,57157244.04,36418276.32,163.3556924626919,3.6301264991709314,33,8,4,0,0.610814065688408,0,0.0,171.43745688985445
Santa Rosa,Casillas,47,41272086.91,21803102.7,19468984.21,202.8794649047588,4.316584359675719,23,9,15,0,0.5282772045800579,0,0.0,221.68927852503552
Santa Rosa,Chiquimulilla,61,123505399.8,25685908.52,97819491.28,402.571477238976,6.599532413753705,19,28,13,1,0.2079739716773096,1,0.0,336.4565663740508
Santa Rosa,Cuilapa,38,70135828.72,19813953.51,50321875.21,181.3112883112577,4.771349692401518,23,10,5,0,0.2825082967095509,0,0.0,243.68870536913107
Santa Rosa,Guazacapán,47,28063423.490000002,5047372.0,23016051.490000002,151.2153727272101,3.2173483558980873,37,2,8,0,0.17985588970634886,0,0.0,416.3374139849205
Santa Rosa,Multimunicipal - Santa Rosa,3,188573333.0,166047415.1,22525917.900000006,14.72041323312505,4.9068044110416835,2,1,0,0,0.8805455811718617,0,0.0,5.007648042312013
Santa Rosa,Nueva Santa Rosa,48,60160631.69,35358414.35,24802217.34,187.6739314112783,3.9098735710682977,14,16,18,0,0.5877334289340139,0,0.0,175.7567360464
Santa Rosa,Oratorio,60,30602998.61,10240230.74,20362767.87,141.89760720543666,2.3649601200906107,45,5,10,0,0.33461527317959777,0,0.0,412.8831394930237
Santa Rosa,Pueblo Nuevo Viñas,33,72228517.03,33396040.79,38832476.24,127.0966706064701,3.851414260802124,5,22,5,1,0.4623664192929367,1,847998.7,77.82932321588328
Santa Rosa,San Juan Tecuaco,60,24014083.53,13470172.73,10543910.8,93.31861390076293,1.555310231679382,40,9,10,1,0.5609280367985794,1,179000.0,246.2346240402655
Santa Rosa,San Rafael las Flores,67,47886307.29,19812357.94,28073949.349999998,348.301209298472,5.1985255119174925,35,18,10,4,0.41373743479563263,4,1158728.4000000001,311.0299991725063
Santa Rosa,Santa Cruz Naranjo,81,34559143.01,10417599.09,24141543.92,391.15929957105396,4.829127155198197,50,4,27,0,0.3014426337766991,0,0.0,637.8111053049529
Santa Rosa,Santa María Ixhuatán,61,42489105.75,26943145.89,15545959.86,314.84074125432886,5.1613236271201455,19,30,11,1,0.6341189209424583,1,1006000.0,136.24418958482596
Santa Rosa,Santa Rosa de Lima,53,48156863.03,27558988.39,20597874.64,263.5144144557624,4.971970084070988,12,21,16,4,0.5722754069930124,4,2121787.6,158.89517768494605
Santa Rosa,Taxisco,83,86879046.56,45183751.57,41695294.99,221.61457602695873,2.6700551328549245,50,9,24,0,0.52007651279639,0,0.0,440.40532893639255
Sololá,Concepción,53,30615883.34,11458797.11,19157086.23,270.47640924272287,5.10332847627779,14,29,10,0,0.37427622070368133,0,0.0,187.66977512923614
Sololá,Multimunicipal - Sololá,6,0.0,0.0,0.0,0.0,0.0,6,0,0,0,,0,0.0,0.0
Sololá,Nahualá,82,53075605.59,30068889.71,23006715.88,175.8812869352886,2.144893743113276,40,25,17,0,0.5665293758921385,0,0.0,297.61529564758285
Sololá,Panajachel,51,14854226.42,4312515.25,10541711.17,150.3959012923374,2.9489392410262236,32,5,14,0,0.2903224394232709,0,0.0,367.991351476146
Sololá,San Andrés Semetabaj,51,13306471.5,3398400.02,9908071.48,164.05972863532338,3.216857424222027,40,4,7,0,0.25539452889520714,0,0.0,373.7585066693474
Sololá,San Antonio Palopó,50,32007529.03,6419976.73,25587552.3,165.22583527277843,3.3045167054555686,30,6,14,0,0.2005770805982145,0,0.0,417.2194201996201
Sololá,San José Chacayá,66,16873763.39,4866814.04,12006949.35,124.4549870316105,1.8856816216910681,45,14,7,0,0.28842493091281873,0,0.0,397.874845403298
Sololá,San Juan la Laguna,90,24519650.65,8639595.2,15880055.45,204.59059015863565,2.2732287795403963,66,5,19,0,0.35235392719594066,0,0.0,614.8986190469938
Sololá,San Lucas Tolimán,61,20039362.55,7389245.9,12650116.65,123.05229967141692,2.017250814285523,49,7,5,0,0.3687365744076525,0,0.0,365.1066000758062
Sololá,San Marcos la Laguna,50,13650589.4,1309957.87,12340631.530000001,71.57809461568127,1.4315618923136253,47,3,0,0,0.09596346587056527,0,0.0,433.69829692441704
Sololá,San Pablo la Laguna,62,31067405.34,18310375.19,12757030.15,94.30808915470828,1.5210982121727143,27,7,3,25,0.5893757457248923,25,10097330.15,138.84549931330844
Sololá,San Pedro la Laguna,52,44616476.56,15522621.38,29093855.18,264.39755047359114,5.084568278338291,21,19,11,1,0.34791230901268644,1,1559981.45,257.27790487372664
Sololá,Santa Catarina Ixtahuacán,76,65683053.12,32224156.73,33458896.39,178.81134745953364,2.3527808876254426,37,12,15,12,0.490600774466557,12,11516284.2,322.7616523876965
Sololá,Santa Catarina Palopó,64,13302815.04,4903001.12,8399813.92,67.42090008802676,1.053451563875418,55,2,2,5,0.3685686905558901,5,7112465.4399999995,368.73322415525257
Sololá,Santa Clara la Laguna,39,24093074.66,4746253.03,19346821.63,341.96750486025473,8.768397560519352,29,8,2,0,0.19699656839066138,0,0.0,272.97997331618615
Sololá,Santa Cruz la Laguna,52,35257824.84,17943566.75,17314258.09,277.9441456094132,5.345079723257947,7,28,17,0,0.5089243829257165,0,0.0,160.4393756288145
Sololá,Santa Lucía Utatlán,139,17152106.25,3191383.45,13960722.8,225.35867430553307,1.6212854266585113,124,3,12,0,0.1860636474310553,0,0.0,1152.4514117958445
Sololá,Santa María Visitación,55,9247208.29,3277414.18,5969794.11,70.33761409579017,1.2788657108325485,40,8,7,0,0.35442201334906887,0,0.0,316.86185815476097
Sololá,Santiago Atitlán,66,37672602.47,17598049.08,20900532.59,232.27647067763598,3.5193404648126663,25,34,7,0,0.4671312286963433,0,0.0,200.7849443417061
Sololá,Sololá,64,213587358.65,132395583.6,81191775.05,197.8858661839611,3.091966659124392,23,21,18,2,0.6198661963742581,2,0.0,212.891294555137
Suchitepéquez,Chicacao,54,73790645.21,38307174.09,36037759.43,276.01367811310274,5.111364409501903,21,23,10,0,0.5191332042291003,0,0.0,188.17358255912194
Suchitepéquez,Cuyotenango,14,10863279.2,1203358.4,9659920.799999999,54.31293032196462,3.879495022997473,12,0,1,1,0.11077303435227918,1,98000.0,129.6564852949268
Suchitepéquez,Mazatenango,48,94369757.17,13967868.03,80401889.14,417.92854887966416,8.706844768326336,28,3,17,0,0.14801212219755888,0,0.0,491.2474862854565
Suchitepéquez,Multimunicipal - Suchitepéquez,2,3467259.0,357295.5,3109963.5,13.507082184687976,6.753541092343988,1,1,0,0,0.10304840221050691,0,0.0,21.611331495500764
Suchitepéquez,Patulul,36,64486471.45,33793218.38,30693253.07,227.89293860844407,6.330359405790113,9,16,11,0,0.5240357802210002,0,0.0,130.0933409619934
Suchitepéquez,Pueblo Nuevo,33,13107034.31,962472.27,12144562.04,143.44220293858493,4.346733422381361,27,4,2,0,0.07343173499329918,0,0.0,285.4819851353477
Suchitepéquez,Río Bravo,32,15685791.719999999,6027737.23,9658054.49,79.91519681809784,2.4973499005655575,25,3,4,0,0.38428007572702877,0,0.0,195.86709981862668
Suchitepéquez,Samayac,41,27372057.79,5285276.11,22086781.68,174.25739060318745,4.250180258614328,31,4,5,1,0.1930901998873794,1,1519000.0,326.1132298282231
Suchitepéquez,San Antonio Suchitepéquez,88,95290101.92,35707993.74,59582108.18,583.4430919971679,6.630035136331454,41,17,30,0,0.3747293057780371,0,0.0,569.7922081486374
Suchitepéquez,San Bernardino,51,29983502.8,1755950.03,28227552.77,180.3716250456141,3.536698530306159,45,2,4,0,0.058563872330487016,0,0.0,505.68688687602986
Suchitepéquez,San Francisco Zapotitlán,59,65111924.83,6752489.75,58359435.08,398.1936083233403,6.749044208870175,49,2,8,0,0.10370588440796367,0,0.0,593.4287627665921
Suchitepéquez,San Gabriel,29,12786494.0,3631361.92,9155132.08,85.41961294689507,2.94550389472052,21,3,5,0,0.2839998141789297,0,0.0,206.211376939085
Suchitepéquez,San José La Máquina,38,22265576.2,6683922.91,15581653.29,101.4200406775149,2.668948438881971,30,5,3,0,0.3001908798569516,0,0.0,253.37080586653124
Suchitepéquez,San José el Idolo,34,34593073.99,20451299.1,14141774.89,162.72520512238012,4.7860354447758855,6,21,7,0,0.5911963506311109,0,0.0,72.38419416413203
Suchitepéquez,San Juan Bautista,45,12017202.28,2896860.64,9120341.64,125.74534497869571,2.7943409995265713,37,1,7,0,0.24105948893122903,0,0.0,356.3174652280885
Suchitepéquez,San Lorenzo,32,37355009.09,18982023.65,18372985.44,186.3415699923716,5.823174062261613,8,18,6,0,0.5081520286681316,0,0.0,90.9040122313371
Suchitepéquez,San Miguel Panán,35,13276012.08,8868450.64,4407561.44,47.93552015881795,1.3695862902519416,23,8,4,0,0.668005616939752,0,0.0,98.0135230866767
Suchitepéquez,San Pablo Jocopilas,71,60090658.47,14989536.66,45101121.81,538.8749117634665,7.589787489626288,33,26,12,0,0.24944870037467573,0,0.0,408.6793070132076
Suchitepéquez,Santa Bárbara,46,50758663.269999996,20069238.21,30689425.06,298.84695663927124,6.49667297041894,17,7,22,0,0.3953854754457564,0,0.0,308.94996562662345
Suchitepéquez,Santo Domingo Suchitepéquez,36,19732342.59,5539229.47,14193113.12,140.05309473478164,3.8903637426328235,26,6,4,0,0.28071829002235055,0,0.0,239.23010391491727
Suchitepéquez,Santo Tomás la Unión,73,21286274.9,5909539.71,15376735.19,111.86636733786499,1.5324159909296573,65,2,6,0,0.2776220704544223,0,0.0,546.0715366105316
Suchitepéquez,Zunilito,37,18801737.1,10864598.76,7937138.34,90.51839919396211,2.4464432214584355,24,11,2,0,0.5778507965628346,0,0.0,120.2031094566746
Totonicapán,Momostenango,181,56366568.88,12010705.23,44355863.65,709.2928796983992,3.9187451917038634,144,8,22,7,0.21308207096248574,7,1496800.0,1474.6650099056803
Totonicapán,Multimunicipal - Totonicapán,1,0.0,0.0,0.0,0.0,0.0,1,0,0,0,,0,0.0,0.0
Totonicapán,San Andrés Xecul,94,66958229.230000004,19403350.16,47554879.07,372.7027846247766,3.964923240689113,77,6,7,4,0.28978290470242174,4,2157998.5999999996,675.7245501071123
Totonicapán,San Bartolo Aguas Calientes,150,36599307.41,7868467.24,28730840.17,428.9973666775131,2.859982444516754,117,4,27,2,0.21498951201054986,2,1109466.3,1268.7042010932112
Totonicapán,San Cristóbal Totonicapán,78,38334161.67,10537396.55,27796765.12,379.5799754009476,4.86640994103779,52,5,21,0,0.27488266577240633,0,0.0,620.4326882203857
Totonicapán,San Francisco El Alto,132,84580633.09,22501745.67,62078887.42,911.1578737881212,6.902711165061524,96,27,9,0,0.26603898372404583,0,0.0,881.5323964789154
Totonicapán,Santa Lucía La Reforma,62,70925138.0,11818719.06,59106418.94,349.44449568391155,5.636201543288896,42,8,12,0,0.16663653245200596,0,0.0,539.3207107398867
Totonicapán,Santa María Chiquimula,66,41683119.54,4948909.17,36734210.37,429.9774403235256,6.5148097018716005,38,5,23,0,0.1187269384972716,0,0.0,652.5162609912175
Totonicapán,Totonicapán,183,47040594.39,14811560.77,32229033.62,622.7342445853792,3.402919369319012,148,2,28,5,0.31486763639085047,5,7941431.63,1358.0582133435432
Zacapa,Cabañas,52,26089587.39,7723134.71,18366452.68,151.6322912318434,2.916005600612373,42,2,2,6,0.2960236432470464,6,3417105.39,334.2070754664769
Zacapa,Estanzuela,47,13443402.2,4187271.07,9256131.129999999,120.55446462609763,2.564988609065907,34,3,7,3,0.3114740604874561,3,844026.4,305.13953163077696
Zacapa,Gualán,74,99085766.09,53600058.29,45485707.800000004,373.8025810217453,5.051386230023585,49,13,8,4,0.54094609554025,4,1918249.54,311.0287900321223
Zacapa,Huité,56,25684394.7,5655866.31,20028528.39,190.4773067294134,3.401380477310954,43,2,11,0,0.22020633057784303,0,0.0,473.63547175740894
Zacapa,La Unión,62,40634019.45,14060080.1,26573939.35,385.4108831235682,6.216304566509165,23,6,27,6,0.346017457546893,6,3544902.4,417.06574534683557
Zacapa,Multimunicipal - Zacapa,1,0.0,0.0,0.0,0.0,0.0,1,0,0,0,,0,0.0,0.0
Zacapa,Río Hondo,87,48005589.63,13348869.9,34656719.73,313.6092741357416,3.604704300410823,49,6,21,11,0.27806907493243094,11,4331328.64,602.6811354419668
Zacapa,San Diego,41,22612267.25,7674108.25,14938159.0,94.0436193224708,2.29374681274319,21,1,6,13,0.3393780979658287,13,2832661.8,205.8403101281626
Zacapa,San Jorge,54,15851364.6,5409270.18,10442094.42,145.29325292315386,2.6906157948732194,43,4,5,2,0.3412494959582218,2,1120000.0,336.3751344413971
Zacapa,Teculután,70,21346431.45,8362815.47,12983615.98,144.30659233451416,2.061522747635917,51,5,10,4,0.39176644066191213,4,2262017.91,406.48568052948673
Zacapa,Usumatlán,50,33824931.75,20198844.39,13626087.36,257.82771799033065,5.156554359806613,12,26,7,5,0.5971584669938026,5,2352555.6,96.37845932160249
Zacapa,Zacapa,93,259299498.14,78868849.13,136930649.01,642.7918586917654,6.911740416040487,48,21,11,13,0.30416121009003044,13,10865042.55,520.359993347765
