entidad_ejecutora,proyectos,presupuesto_vigente,ejecutado_total,no_ejecutado,riesgo_fiscal_total,riesgo_fiscal_prom,n_no_iniciado,n_en_ejecucion,n_en_meseta,n_finalizado,ratio_ejec_agg,n_inconsistencia_estado_momento,presupuesto_inconsistencia_estado_momento,score_concentracion_baja_ejec
CONFEDERACION DEPORTIVA AUTONOMA DE GUATEMALA,4,35020821.94,8540815.22,26480006.72,27.504042247252855,6.876010561813214,3,1,0,0,0.24387820578947844,0,0.0,36.77781660145469
CONSULTORIO DE ZACAPA,1,1353835.0,1353834.39,0.6100000001024455,6.361377929710554e-06,6.361377929710554e-06,0,0,1,0,0.999999549428106,0,0.0,1.1450480273478999e-05
CONTRALORIA GENERAL DE CUENTAS,1,8907357.0,1444234.91,7463122.09,13.407768109804227,13.407768109804227,0,1,0,0,0.16213955609952535,0,0.0,13.407768109804227
DEPARTAMENTO DE INFRAESTRUCTURA INSTITUCIONAL,4,8940000.0,4419176.88,4520823.12,32.96469820223232,8.24117455055808,1,3,0,0,0.4943150872483221,0,0.0,12.950425769576047
DIRECCION GENERAL DE CAMINOS,153,2371965960.0,1199362824.54,1173252693.69,750.13538289954,4.902845639866275,88,40,25,0,0.5056408248539958,0,0.0,787.5732372879481
"DIRECCION GENERAL DE EDUCACION FISICA, RECREACION Y DEP. ESCOLAR",3,0.0,0.0,0.0,0.0,0.0,3,0,0,0,,0,0.0,0.0
DIRECCION GENERAL DE LA POLICIA NACIONAL CIVIL,11,5600000.0,678807.0,4921193.0,26.570426654216895,2.4154933322015357,10,0,1,0,0.12121553571428571,0,0.0,106.50741444037723
DIRECCION GENERAL DE LAS ARTES,1,4251388.0,2151371.87,2100016.13,7.539192950968588,7.539192950968588,0,1,0,0,0.506039879211213,0,0.0,7.539192950968588
DIRECCION GENERAL DE PATRIMONIO CULTURAL Y NATURAL,1,0.0,0.0,0.0,0.0,0.0,1,0,0,0,,0,0.0,0.0
DIRECCION GENERAL DEL DEPORTE Y RECREACION,24,55379099.0,7853118.79,47525980.21,193.63607235593034,8.068169681497098,18,3,2,1,0.1418065467262297,1,2232324.0,205.0379937812683
EMPRESA DE TRANSPORTE Y CONTROL DE ENERGIA ELECTRICA,8,32965971.0,148535.03,32817435.97,55.862645694608084,6.9828307118260105,7,1,0,0,0.00450570771902942,0,0.0,89.61153859166507
EMPRESA ELECTRICA MUNICIPAL DE HUEHUETENANGO,3,5326000.0,127140.0,5198860.0,23.168688664373924,7.722896221457975,2,0,1,0,0.023871573413443484,0,0.0,45.3551569463319
EMPRESA ELECTRICA MUNICPAL DE ZACAPA,2,43500000.0,0.0,0.0,33.27999550725876,16.63999775362938,2,0,0,0,0.0,0,0.0,38.69419734190432
EMPRESA MUNICIPAL DE AGUA -EMPAGUA-,4,205129.86,353920.0,205129.86,12.23140339593071,3.0578508489826777,3,0,1,0,1.7253460807704935,0,0.0,0.0
EMPRESA PORTUARIA NACIONAL SANTO TOMAS DE CASTILLA,6,161368323.7,7752760.829999999,153615562.87,42.81673156949729,7.1361219282495485,4,0,2,0,0.04804388279085779,0,0.0,89.95604544757543
EMPRESA PORTUARIA QUETZAL,11,80781191.0,25668971.099999998,55112219.9,96.3900069381947,8.762727903472246,7,3,1,0,0.3177592553692356,0,0.0,74.53038612398734
FEDERACION NACIONAL DE FUTBOL,1,0.0,0.0,0.0,0.0,0.0,1,0,0,0,,0,0.0,0.0
FONDO DE DESARROLLO SOCIAL,54,74987655.0,31190010.080000002,43797644.92,178.49000315895023,3.3053704288694488,42,5,5,2,0.4159352640111229,2,315286.0,319.8406181262244
FONDO SOCIAL DE SOLIDARIDAD,81,771545728.0,216865080.54,554680647.46,637.2379380718925,7.867135037924599,59,14,8,0,0.2810787133799022,0,0.0,629.6709460091846
GERENCIA ADMINISTRATIVA,3,8394309.0,0.0,8394309.0,44.41717553700528,14.80572517900176,3,0,0,0,0.0,0,0.0,44.64058102933807
GERENCIA DE ELECTRIFICACIÓN RURAL Y OBRAS,409,162783079.0,30045949.7,132737129.3,2463.4216988689573,6.023035938554908,345,22,42,0,0.18457661499325737,0,0.0,3724.9809551863536
HOSPITAL DE CUILAPA,1,8000000.0,0.0,8000000.0,15.894952224644102,15.894952224644102,1,0,0,0,0.0,0,0.0,25.431923559430565
HOSPITAL DE JOYABAJ,1,10484177.0,5460313.09,5023863.91,7.746212051658274,7.746212051658274,0,0,1,0,0.5208146609886498,0,0.0,13.943181692984894
HOSPITAL DE NEBAJ,1,18000000.0,0.0,18000000.0,16.705882371415992,16.705882371415992,1,0,0,0,0.0,0,0.0,26.729411794265587
HOSPITAL DE POPTUN,1,0.0,0.0,0.0,0.0,0.0,1,0,0,0,,0,0.0,0.0
HOSPITAL DE RETALHULEU,1,0.0,0.0,0.0,0.0,0.0,1,0,0,0,,0,0.0,0.0
HOSPITAL DE SAN BENITO,1,0.0,0.0,0.0,0.0,0.0,1,0,0,0,,0,0.0,0.0
HOSPITAL DE USPANTAN,1,0.0,0.0,0.0,0.0,0.0,1,0,0,0,,0,0.0,0.0
INSTITUTO GUATEMALTECO DE TURISMO,3,0.0,0.0,0.0,0.0,0.0,3,0,0,0,,0,0.0,0.0
INSTITUTO NACIONAL DE CIENCIAS FORENSES DE GUATEMALA,1,13736872.0,618929.36,13117942.64,15.695071078127933,15.695071078127933,0,0,1,0,0.045056062253473715,0,0.0,28.25112794063028
INSTITUTO NACIONAL DE ELECTRIFICACION,1,260197.0,0.0,260197.0,12.46919815863592,12.46919815863592,1,0,0,0,0.0,0,0.0,19.950717053817474
INSTITUTO TECNICO DE CAPACITACION Y PRODUCTIVIDAD,10,142000000.0,58713143.12,83286856.88,120.12821341598918,12.012821341598919,8,2,0,0,0.41347283887323943,0,0.0,63.85741632477259
JEFATURA DE AREA DE SALUD DE BAJA VERAPAZ,2,0.0,0.0,0.0,0.0,0.0,2,0,0,0,,0,0.0,0.0
JEFATURA DE AREA DE SALUD DE IXCAN,1,7000000.0,0.0,7000000.0,15.76142084987672,15.76142084987672,1,0,0,0,0.0,0,0.0,25.21827335980275
MANCOMUNIDAD DE MUNICIPIOS DE LA CUENCA DEL RIO NARANJO,1,0.0,0.0,0.0,0.0,0.0,1,0,0,0,,0,0.0,0.0
MANCOMUNIDAD METROPOLI DE LOS ALTOS,5,0.0,0.0,0.0,0.0,0.0,5,0,0,0,,0,0.0,0.0
MANCOMUNIDAD TRINACIONAL FRONTERIZA RIO LEMPA,2,0.0,0.0,0.0,0.0,0.0,2,0,0,0,,0,0.0,0.0
MINISTERIO DE ENERGIA Y MINAS,1,0.0,0.0,0.0,0.0,0.0,1,0,0,0,,0,0.0,0.0
MINISTERIO DE SALUD PUBLICA Y ASISTENCIA SOCIAL,64,106808985.0,24060640.01,82748344.99,612.7887476172177,9.574824181519027,24,11,26,3,0.22526793986479696,3,851200.0,518.4609248452279
MINISTERIO PUBLICO,2,204820000.0,1580126.6400000001,203239873.36,18.990000773049818,9.495000386524909,1,1,0,0,0.0077147087198515775,0,0.0,30.384001236879712
MUNICIPALIDAD DE ACATENANGO,81,58679423.15,21810954.46,36868468.69,422.6023526883225,5.21731299615213,24,18,20,19,0.371696811065192,19,7381172.86,352.8994482809607
MUNICIPALIDAD DE AGUA BLANCA,49,30417696.0,13007956.4,17409739.6,109.06536171300442,2.2258237084286616,28,8,13,0,0.4276443685938606,0,0.0,278.10822563231704
MUNICIPALIDAD DE AGUACATAN,83,81640738.67,12719189.49,68921549.18,573.4678044054535,6.909250655487392,50,4,10,19,0.15579463999477308,19,0.0,599.8042944805511
MUNICIPALIDAD DE ALMOLONGA,34,8818859.0,478951.57,8339907.43,127.91392393641904,3.7621742334240893,31,1,2,0,0.054309924900715616,0,0.0,320.6257674014038
MUNICIPALIDAD DE ALOTENANGO,34,53083165.24,31681927.97,21401237.27,159.73667864262035,4.698137607135893,7,25,0,2,0.5968356978480734,2,193971.3,37.290410460574854
MUNICIPALIDAD DE AMATITLAN,88,126998142.37,69108618.76,57889523.61,304.1040665698664,3.4557280292030272,22,37,15,14,0.5441703120243837,14,15396561.649999999,222.84770226662823
MUNICIPALIDAD DE ANTIGUA GUATEMALA,71,162086777.48,80057660.07,81029117.41,313.0770679200835,4.4095361678885,43,27,1,0,0.49391851275393744,0,0.0,264.043223771476
MUNICIPALIDAD DE ASUNCION MITA,47,43806094.83,8778498.43,35027596.4,171.35784509374918,3.645911597739344,36,5,6,0,0.2003944534217683,0,0.0,385.4984449513132
MUNICIPALIDAD DE ATESCATEMPA,56,43964810.75,17345455.15,26619355.6,128.96378967765406,2.302924815672394,37,8,11,0,0.39453041771594566,0,0.0,340.9791589056497
MUNICIPALIDAD DE AYUTLA,50,14253872.2,4358451.6,9895420.6,84.21064805346047,1.6842129610692096,40,6,4,0,0.3057731638705165,0,0.0,322.48614197764533
MUNICIPALIDAD DE BARBERENA,43,41075520.36,5639260.859999999,35436259.5,163.02318486427407,3.791236857308699,32,7,4,0,0.1372900649967566,0,0.0,353.90397201764836
MUNICIPALIDAD DE BARILLAS,36,25548725.0,2450015.6,23098709.4,199.65793604817065,5.5460537791158515,33,1,2,0,0.0958958069336141,0,0.0,345.4189699187379
MUNICIPALIDAD DE CABAÑAS,50,18381464.39,4622386.59,13759077.8,129.95197923790093,2.5990395847580188,41,1,2,6,0.25146998584697633,6,3417105.39,340.5590092752472
MUNICIPALIDAD DE CABRICAN,56,37608457.77,14679218.38,22929239.39,312.88188186243434,5.587176461829185,21,21,14,0,0.3903169459852062,0,0.0,263.73665944210177
MUNICIPALIDAD DE CAHABON,55,65025413.4,14571667.24,50453746.16,300.42360839451084,5.462247425354742,39,5,11,0,0.22409188159040602,0,0.0,463.43252810882285
MUNICIPALIDAD DE CAJOLA,48,38470348.19,21255251.04,17215097.15,213.3226821178689,4.444222544122269,18,22,7,1,0.5525099730063036,1,3583400.0,135.99129348898506
MUNICIPALIDAD DE CAMOTAN,71,77369819.7,29990193.77,47379625.93,509.14049460237936,7.170992881723653,28,12,31,0,0.3876213475265472,0,0.0,473.8530733854124
MUNICIPALIDAD DE CANILLA,49,56575767.21,21551428.419999998,35024338.79,328.3753137708297,6.701537015731218,23,16,10,0,0.3809303785489045,0,0.0,251.96435840089532
MUNICIPALIDAD DE CANTEL,69,53830752.54,17051301.4,36779451.14,375.8027571875123,5.446416770833512,40,13,16,0,0.3167576263647753,0,0.0,459.74780629583455
MUNICIPALIDAD DE CASILLAS,46,36772086.91,20226417.75,16545669.16,192.92746875419942,4.194075407699987,23,9,14,0,0.5500481329630361,0,0.0,203.79512003126985
MUNICIPALIDAD DE CATARINA,62,44578417.57,13725463.88,30852953.689999998,359.5882575616989,5.799810605833853,34,16,12,0,0.3078948205922151,0,0.0,377.88636383449045
MUNICIPALIDAD DE CHAHAL,44,60536240.79,23074120.4,37462120.39,302.7014736850594,6.879578947387714,17,9,18,0,0.3811620956121811,0,0.0,283.87336756601167
MUNICIPALIDAD DE CHAJUL,80,57716493.21,12929638.05,44786855.16,322.9240973128806,4.036551216411008,54,5,20,1,0.224019813590473,1,72576.0,685.0586232566694
MUNICIPALIDAD DE CHAMPERICO,34,17635418.8,5292538.0,12342880.8,130.04830419135422,3.824950123275124,20,3,11,0,0.30010843859290715,0,0.0,254.58006438797005
MUNICIPALIDAD DE CHIANTLA,83,71867275.35,11986666.370000001,59880608.980000004,292.36428839517197,3.5224613059659275,65,4,11,3,0.1667889357377732,3,188370.0,735.5655445980539
MUNICIPALIDAD DE CHICACAO,50,71319317.21,35835846.09,36037759.43,276.01367811310274,5.520273562262055,18,23,9,0,0.5024704034179298,0,0.0,170.93668034616883
MUNICIPALIDAD DE CHICAMAN,56,64540427.0,27066603.47,37473823.53,390.27718752550896,6.969235491526946,13,6,34,3,0.41937440962390904,3,462501.65,375.8859088648866
MUNICIPALIDAD DE CHICHE,46,56392726.09,6471252.6,49921473.489999995,521.3082889365027,11.332788889923972,20,0,26,0,0.11475332101647649,0,0.0,534.0315705709586
MUNICIPALIDAD DE CHICHICASTENANGO,81,101850440.61,27856237.85,73994202.76,672.2979050402839,8.299974136299802,30,26,25,0,0.27350139757043906,0,0.0,522.4408558474379
MUNICIPALIDAD DE CHIMALTENANGO,65,92548813.47,27221987.63,65326825.84,572.772109527418,8.811878608114123,31,9,25,0,0.29413653843140947,0,0.0,512.7339758777334
MUNICIPALIDAD DE CHINAUTLA,67,90878443.77,32474849.94,58403593.83,369.94100801653974,5.521507582336414,25,31,11,0,0.35734381656214403,0,0.0,292.06206144670364
MUNICIPALIDAD DE CHINIQUE,44,22212890.44,3548327.4,18664563.04,185.16770710827697,4.208356979733567,36,5,3,0,0.1597418134116543,0,0.0,355.3490391416198
MUNICIPALIDAD DE CHIQUIMULA,65,102286230.74,34969750.66,67316480.08,471.9376194318656,7.260578760490239,38,19,5,3,0.341881310974193,3,3477343.0,337.4328127792295
MUNICIPALIDAD DE CHIQUIMULILLA,59,100972828.8,25685908.52,75286920.28,370.1339270699044,6.273456391015329,17,28,13,1,0.25438436087471483,1,0.0,296.8264690964736
MUNICIPALIDAD DE CHISEC,66,50238062.2,5889219.4,44348842.8,205.11180565298534,3.1077546311058386,62,0,4,0,0.11722624524319332,0,0.0,648.058812747146
MUNICIPALIDAD DE CHUARRANCHO,76,116194259.61,52965654.48,63228605.13,437.71887371531176,5.759458864675155,13,38,25,0,0.45583710122837795,0,0.0,291.03915505170175
MUNICIPALIDAD DE CIUDAD VIEJA,45,85825234.34,30213937.86,55611296.480000004,287.553831750744,6.390085150016533,7,25,5,8,0.3520402605637674,8,4979794.5200000005,108.89869105813918
MUNICIPALIDAD DE COATEPEQUE,77,61468852.42,27703190.9,33766261.519999996,276.5565968009375,3.5916441142978894,32,17,23,5,0.4506866455015559,5,2794771.64,380.26436065536126
MUNICIPALIDAD DE COBAN,61,179526334.86,58668027.22,120858307.64,560.1258811817698,9.182391494783111,21,17,22,1,0.3267934326501517,1,2251301.76,399.1993586500535
MUNICIPALIDAD DE COLOMBA,98,28151882.95,11863439.32,16408863.38,391.2762665199144,3.992614964488922,65,26,7,0,0.42140837758775923,0,0.0,452.56423736287724
MUNICIPALIDAD DE COLOTENANGO,75,52852395.36,13555502.97,39296892.39,255.7746147090031,3.4103281961200413,54,0,8,13,0.25647849785554167,13,6764124.0,526.2377091369411
MUNICIPALIDAD DE COMALAPA,98,68348600.8,17760997.81,50587602.99,887.9641904714108,9.060859086442967,57,18,23,0,0.2598589817803556,0,0.0,715.6801400553546
MUNICIPALIDAD DE COMAPA,57,41835059.2,17227117.78,24607941.42,328.3893752915418,5.761217110377927,23,14,20,0,0.41178662369384195,0,0.0,317.9391856711043
MUNICIPALIDAD DE COMITANCILLO,87,65631503.7,29937460.86,35694042.84,435.13785456484703,5.001584535228127,61,4,13,9,0.45614467400965547,9,14560550.0,469.87968232607113
MUNICIPALIDAD DE CONCEPCION,52,28123390.34,11458797.11,16664593.23,255.7476148691293,4.918223362867871,13,29,10,0,0.40744721640840403,0,0.0,170.74733491986024
MUNICIPALIDAD DE CONCEPCION CHIQUIRICHAPA,80,39275325.72,19396671.02,19878654.7,272.7614424051672,3.40951803006459,30,20,14,16,0.4938640396844047,16,9391706.7,267.2804972006116
MUNICIPALIDAD DE CONCEPCION HUISTA,36,34926897.53,18144209.21,16789262.36,114.36196615699603,3.1767212821387787,9,12,6,9,0.519491008166851,9,5228017.76,93.47351009305905
MUNICIPALIDAD DE CONCEPCION LAS MINAS,41,47599739.32,24482405.830000002,23117333.49,277.3533713220613,6.764716373708812,7,26,8,0,0.5143390736955826,0,0.0,99.59386413205968
MUNICIPALIDAD DE CONCEPCION TUTUAPA,91,62138682.6,23707437.2,38431245.4,465.57315446033766,5.116188510553161,49,21,21,0,0.38152461893358514,0,0.0,523.8475975226229
MUNICIPALIDAD DE CONGUACO,34,52512596.2,19406666.15,32647831.25,206.84915711854677,6.0837987387807875,11,2,14,7,0.3695621156510254,7,5432642.0,210.69196050184067
MUNICIPALIDAD DE CUBULCO,70,59154336.49,16594311.84,42560024.65,433.9178502283613,6.198826431833733,45,8,11,6,0.2805257031799394,6,1404816.3399999999,473.8172127265406
MUNICIPALIDAD DE CUILAPA,36,56316772.72,13994897.780000001,42321874.94,165.41633536386834,4.594898204551899,22,9,5,0,0.24850319192793408,0,0.0,244.09093849599958
MUNICIPALIDAD DE CUILCO,44,52450140.599999994,21114925.07,31335215.529999997,267.54626790180845,6.080596997768374,18,12,12,2,0.40257137213470123,2,2208650.0,227.25766498064795
MUNICIPALIDAD DE CUNEN,68,31655910.05,13185336.7,18470573.35,159.046639650385,2.3389211713291913,52,14,2,0,0.41652053847682696,0,0.0,340.60071997271456
MUNICIPALIDAD DE CUYOTENANGO,14,10863279.2,1203358.4,9659920.799999999,54.31293032196462,3.879495022997473,12,0,1,1,0.11077303435227918,1,98000.0,129.6564852949268
MUNICIPALIDAD DE DOLORES,30,51398254.44,32322296.14,19075958.5,137.02041917167261,4.5673473057224205,3,6,18,3,0.6288598025781515,3,4248361.62,113.3417530981947
MUNICIPALIDAD DE EL ADELANTO,56,32547230.89,16884491.23,15662739.66,180.29758763348576,3.2195997791693887,26,9,21,0,0.5187689019402166,0,0.0,278.0360677774913
MUNICIPALIDAD DE EL ASINTAL,142,37938658.0,8980601.58,28958056.42,659.7451636438744,4.646092701717426,111,21,10,0,0.23671373879381816,0,0.0,1007.0279719746079
MUNICIPALIDAD DE EL CHAL,46,35080826.11,14057906.73,21022919.38,307.37801018004615,6.68213065608796,11,22,2,11,0.4007290673805629,11,3313535.12,95.78334335792867
MUNICIPALIDAD DE EL CHOL,34,58934010.42,21811240.5,37158369.92,229.83761396622543,6.7599298225360425,8,17,9,0,0.37009598268571386,0,0.0,146.51257279918218
MUNICIPALIDAD DE EL ESTOR,63,115881102.97,33272760.55,82608342.42,524.8449857176553,8.330872789169131,13,34,16,0,0.28712844197395887,0,0.0,285.91169915098556
MUNICIPALIDAD DE EL JICARO,42,21301459.8,4000368.4,17301091.4,231.12199418092032,5.502904623355246,24,2,16,0,0.187797852239216,0,0.0,386.4903483588882
MUNICIPALIDAD DE EL PALMAR,52,33275806.9,9632305.78,23643501.12,258.4341055910506,4.969886645981742,33,6,10,3,0.2894687365192037,3,1333316.4,354.4313448319927
"MUNICIPALIDAD DE EL PROGRESO, JUTIAPA",62,84762381.78,33658519.73,51103862.05,309.55796842696765,4.992870458499478,24,14,16,8,0.39709266095613477,8,4830047.82,310.37743354566805
MUNICIPALIDAD DE EL QUETZAL,39,21413549.6,4869497.77,16544051.83,175.53708405891385,4.5009508733054835,25,6,8,0,0.22740264276409358,0,0.0,292.1202756560521
MUNICIPALIDAD DE EL RODEO,46,20505229.2,9321823.1,11183406.1,105.57548250279281,2.295119184843322,28,4,11,3,0.45460711553519234,3,1228375.0,244.25020473297587
MUNICIPALIDAD DE EL TEJAR,38,58290115.35,28129808.830000002,30160306.52,208.77828113729362,5.494165293086674,9,11,18,0,0.4825828300578239,0,0.0,192.4396651391105
MUNICIPALIDAD DE EL TUMBADOR,43,26981855.0,16978601.9,10003253.1,140.82070889533546,3.2749002068682667,30,4,6,3,0.6292599934289173,3,6499500.0,150.97796168180923
MUNICIPALIDAD DE ESCUINTLA,42,189932227.87,98008589.88,91923637.99000001,210.3838052315745,5.009138219799393,4,32,6,0,0.5160187451025027,0,0.0,75.6510415112881
MUNICIPALIDAD DE ESQUIPULAS,55,102002347.67,39872282.51,62130065.16,441.94181989469143,8.035305816267117,18,29,5,3,0.39089573348836626,3,2766516.1900000004,177.46861974569384
MUNICIPALIDAD DE ESQUIPULAS PALO GORDO,48,29158706.69,15405050.25,13753656.440000001,96.39723893116539,2.0082758110659458,34,10,4,0,0.5283173363543991,0,0.0,199.442192911974
MUNICIPALIDAD DE ESTANZUELA,47,13443402.2,4187271.07,9256131.129999999,120.55446462609763,2.564988609065907,34,3,7,3,0.3114740604874561,3,844026.4,305.13953163077696
MUNICIPALIDAD DE FLORES,51,70152771.0,41912286.980000004,28240484.02,256.78222628224364,5.034945613377326,8,26,9,8,0.5974430714932131,8,3009996.0,94.54468786497287
MUNICIPALIDAD DE FLORES COSTA CUCA,46,9849356.6,2413475.0,7435881.6,63.765262298198174,1.386201354308656,38,3,5,0,0.24503884852742566,0,0.0,337.9667295889648
MUNICIPALIDAD DE FRAIJANES,65,129176810.96,82868310.86,46433136.230000004,213.26961216471312,3.281070956380202,31,12,22,0,0.6415107343504589,0,0.0,249.06865070526118
MUNICIPALIDAD DE FRAY BARTOLOME DE LAS CASAS,42,90720541.9,35238628.22,55481913.68,265.9670603481153,6.332549055907507,18,18,6,0,0.3884305305279487,0,0.0,186.01905924416138
MUNICIPALIDAD DE GENOVA,60,40486549.25,5023020.14,35463529.11,303.17507476293554,5.052917912715592,48,3,9,0,0.12406639323552623,0,0.0,567.7011321119919
MUNICIPALIDAD DE GRANADOS,33,18861919.53,8591670.73,10270248.8,183.52342612852271,5.561315943288567,10,4,15,4,0.4555035194766309,4,1388359.2,173.31347888824106
MUNICIPALIDAD DE GUALAN,56,31257449.09,10232788.29,21024660.8,244.16711198157785,4.360126999671033,41,9,2,4,0.3273711895214671,4,1918249.54,315.73956299507665
MUNICIPALIDAD DE GUANAGAZAPA,77,40928260.92,10518757.64,30409503.28,441.46007622371667,5.733247743165151,61,14,2,0,0.2570047542591751,0,0.0,510.4907764094901
MUNICIPALIDAD DE GUASTATOYA,72,147670942.55,103637300.24,43783642.31,247.7493648100769,3.440963400139957,19,37,5,11,0.7018124110971213,11,8411172.030000001,91.98853065236636
MUNICIPALIDAD DE GUATEMALA,138,182683566.26,60888373.419999994,128220728.26,646.938941455601,4.687963343881167,79,21,15,23,0.33329967586324694,23,1826026.9000000001,766.0421865018823
MUNICIPALIDAD DE GUAZACAPAN,47,28063423.490000002,5047372.0,23016051.490000002,151.2153727272101,3.2173483558980873,37,2,8,0,0.17985588970634886,0,0.0,416.3374139849205
MUNICIPALIDAD DE HUEHUETENANGO,183,128482766.76,70429996.34,59852770.42,495.8398360296023,2.7095073007082093,112,9,42,20,0.5481668718386182,20,24613931.45,858.8167960728559
MUNICIPALIDAD DE HUITAN,45,14527883.79,4118092.49,10409791.3,82.46328130483829,1.8325173623297397,35,2,8,0,0.2834612769159548,0,0.0,335.5987103143912
MUNICIPALIDAD DE HUITE,55,25684394.7,5655866.31,20028528.39,190.4773067294134,3.4632237587166075,42,2,11,0,0.22020633057784303,0,0.0,465.6528514468908
MUNICIPALIDAD DE IPALA,46,74045547.23,22316595.3,51728951.93,240.31150563941796,5.2241631660743035,17,28,1,0,0.30139010561540286,0,0.0,151.90733646809863
MUNICIPALIDAD DE IXCAN,89,90077110.41,2333052.58,87744057.83,533.6881531711055,5.996496103046129,82,0,7,0,0.02590061525487161,0,0.0,995.5711237015558
MUNICIPALIDAD DE IXCHIGUAN,83,23773422.0,8001701.600000001,15771720.4,186.59483740283787,2.2481305711185287,64,4,15,0,0.33658181813287125,0,0.0,579.1519004186301
MUNICIPALIDAD DE IZTAPA,57,66725430.67,38588363.28,28137067.39,175.504870722056,3.0790328196851933,15,26,16,0,0.5783156870255987,0,0.0,173.21400241228199
MUNICIPALIDAD DE JACALTENANGO,24,39437038.8,19735474.2,19701564.6,75.65507430383772,3.152294762659905,18,2,3,1,0.5004299207170697,1,2987185.0,124.07375823833624
MUNICIPALIDAD DE JALAPA,93,160172267.8,43547689.92,116624577.88,550.7109317980704,5.921622922559897,57,21,15,0,0.27188033557954033,0,0.0,649.2578204012259
MUNICIPALIDAD DE JALPATAGUA,52,60012450.019999996,32809857.95,27202592.07,309.7229099547549,5.95620980682221,13,3,36,0,0.5467175217653278,0,0.0,305.2487405479067
MUNICIPALIDAD DE JEREZ,73,45032070.0,15341333.01,29690736.990000002,227.06450091595428,3.110472615287045,42,8,23,0,0.3406757231013364,0,0.0,518.2161517600036
MUNICIPALIDAD DE JOCOTAN,69,65089822.13,6975326.79,58114495.34,619.1385210573009,8.973022044308708,53,7,9,0,0.10716463130085987,0,0.0,642.5300004960798
MUNICIPALIDAD DE JOCOTENANGO,27,11458387.4,1771233.6400000001,9687153.76,72.2631119202212,2.6764115526007854,23,3,1,0,0.15457966100884318,0,0.0,214.3698782318626
MUNICIPALIDAD DE JOYABAJ,64,59647737.55,14743697.63,44904039.92,244.81767643574642,3.825276194308538,41,16,7,0,0.24717949474011527,0,0.0,420.528367829448
MUNICIPALIDAD DE JUTIAPA,107,87221232.32,27516846.86,59704385.46,537.9698480256791,5.0277555890250385,43,17,47,0,0.3154833534000681,0,0.0,806.0093968145575
MUNICIPALIDAD DE LA BLANCA,48,87756599.89,31235705.93,56520893.96,354.21084880253414,7.379392683386128,9,20,19,0,0.35593568995554664,0,0.0,254.44770271277528
"MUNICIPALIDAD DE LA DEMOCRACIA, ESCUINTLA",37,78917979.31,51265639.879999995,27652339.43,174.57372953948297,4.718208906472513,11,19,7,0,0.6496065957115038,0,0.0,84.10413671198458
"MUNICIPALIDAD DE LA DEMOCRACIA, HUEHUETENANGO",95,50287453.72,24699043.96,25588409.76,219.6989007241057,2.3126200076221655,31,22,6,36,0.4911571800299139,36,8873380.0,220.172062339564
MUNICIPALIDAD DE LA ESPERANZA,67,54220373.94,15498367.98,38722005.96,367.04560082961933,5.478292549695811,29,27,11,0,0.28584030049572173,0,0.0,345.93398148025204
MUNICIPALIDAD DE LA GOMERA,22,90342114.75999999,69217541.46000001,21124573.299999997,70.81404344577989,3.2188201566263586,3,18,0,1,0.7661713658561253,1,4435382.0,11.993893736547456
"MUNICIPALIDAD DE LA LIBERTAD, HUEHUETENANGO",63,22116801.05,6364205.8,15752595.25,142.77510203458363,2.266271460866407,57,1,5,0,0.2877543540592639,0,0.0,472.1792962568009
"MUNICIPALIDAD DE LA LIBERTAD, PETEN",69,56086139.25,30356375.37,25729763.880000003,133.41358680133615,1.9335302434976254,31,16,4,18,0.5412455871617158,18,8086095.45,186.62437049995853
MUNICIPALIDAD DE LA REFORMA,42,16162889.200000001,4959043.600000001,11203845.6,136.53181435484183,3.250757484639091,36,4,2,0,0.30681665503219563,0,0.0,278.43589542437786
MUNICIPALIDAD DE LA UNION,59,39936164.45,14060080.1,25876084.35,348.3518000652564,5.9042677977162095,20,6,27,6,0.35206385724906536,6,3544902.4,392.38794672493697
MUNICIPALIDAD DE LANQUIN,35,49198505.24,9174021.8,40024483.44,247.9370602622183,7.083916007491951,24,3,8,0,0.18646952291024524,0,0.0,314.11058418311256
MUNICIPALIDAD DE LAS CRUCES,50,29988249.33,23749649.33,6238600.0,48.81677113332827,0.9763354226665654,18,24,3,5,0.7919651817167281,5,3080072.45,50.858623634271225
MUNICIPALIDAD DE LIVINGSTON,53,74754536.22,32944484.49,41810051.73,309.9508618889375,5.848129469602594,10,27,16,0,0.44070214539282976,0,0.0,200.77029248392242
MUNICIPALIDAD DE LOS AMATES,31,35782446.0,3614068.2,32168377.8,246.16255254259667,7.940727501374086,28,1,2,0,0.10100115011701548,0,0.0,303.3434100404797
MUNICIPALIDAD DE MAGDALENA MILPAS ALTAS,39,29480091.7,9114654.540000001,20365437.16,218.5549199126163,5.6039723054517,12,0,24,3,0.30917999281528696,3,1253646.35,325.55499799401395
MUNICIPALIDAD DE MALACATAN,77,132243263.35,43398513.910000004,88844749.44,313.7093630141869,4.0741475716128175,40,6,30,1,0.32817183129502686,1,1.0,615.601210599244
MUNICIPALIDAD DE MALACATANCITO,62,52049899.45,9258768.15,42791131.3,286.74830139600743,4.62497260316141,44,4,14,0,0.17788253671640858,0,0.0,563.8358935773462
MUNICIPALIDAD DE MASAGUA,55,40258219.43,15962220.58,24295998.85,190.57225730037442,3.46495013273408,32,7,13,3,0.39649594060548843,3,170000.0,323.3763273576203
MUNICIPALIDAD DE MATAQUESCUINTLA,70,66784736.99,22619250.96,44165486.03,609.2509431613848,8.703584902305497,32,24,13,1,0.3386889277318991,1,0.0,364.5938519001353
MUNICIPALIDAD DE MAZATENANGO,44,70354456.17,13967868.03,56386588.14,385.7428456278492,8.766882855178391,24,3,17,0,0.19853565488799937,0,0.0,419.9694360715872
MUNICIPALIDAD DE MELCHOR DE MENCOS,50,126600418.18,55381059.98,71219358.2,324.2262040301744,6.484524080603489,7,31,10,2,0.43744768600416,2,1753611.2,138.53774004211365
MUNICIPALIDAD DE MIXCO,37,478872616.39,157966862.45000002,320905753.94,334.9673611596173,9.0531719232329,18,12,7,0,0.3298724066555307,0,0.0,233.05218047359944
MUNICIPALIDAD DE MOMOSTENANGO,176,52275568.88,12010705.23,40264863.65,681.2925706540055,3.870980515079577,139,8,22,7,0.2297575232049775,7,1496800.0,1396.255547752135
MUNICIPALIDAD DE MONJAS,47,45799283.2,12898509.600000001,32900773.6,206.1283302953197,4.385709155219568,36,4,7,0,0.2816312548751855,0,0.0,357.3466189151782
MUNICIPALIDAD DE MORALES,65,172001177.27,52263306.01,119737871.25999999,525.1789618793407,8.079676336605242,37,22,6,0,0.3038543505313299,0,0.0,369.6285102909751
MUNICIPALIDAD DE MORAZAN,64,49794319.86,15515346.33,34278973.53,325.70214200497594,5.089095968827749,33,8,23,0,0.31158867866098816,0,0.0,478.27908737704627
MUNICIPALIDAD DE MOYUTA,49,80885530.9,40501599.93,40383930.97,130.34048101608892,2.660009816654876,21,13,15,0,0.5007273795368017,0,0.0,232.73032294278593
MUNICIPALIDAD DE NAHUALA,75,28308504.59,17843015.07,10465489.52,140.67747573846438,1.8756996765128584,34,24,17,0,0.6303058154581241,0,0.0,222.02115508586814
MUNICIPALIDAD DE NEBAJ,87,71319571.27,25572644.51,45746926.76,455.95197455874876,5.240827293778722,54,15,18,0,0.35856419289436936,0,0.0,554.4264309550827
MUNICIPALIDAD DE NENTON,58,32550618.16,12182322.6,20368295.56,189.24127722172932,3.2627806417539538,40,10,7,1,0.3742577956620901,1,37485.0,331.22299006602947
MUNICIPALIDAD DE NUEVA CONCEPCION,37,39366774.47,11914714.16,27452060.310000002,188.4643063027607,5.093629900074613,28,3,6,0,0.3026591413802463,0,0.0,275.616010941369
MUNICIPALIDAD DE NUEVA SANTA ROSA,44,60160631.69,35358414.35,24802217.34,187.6739314112783,4.2653166229835975,10,16,18,0,0.5877334289340139,0,0.0,158.03336770558653
MUNICIPALIDAD DE NUEVO PROGRESO,70,59423142.45,24352537.74,36189196.27,472.829796272528,6.754711375321828,31,23,16,0,0.40981571717602755,0,0.0,342.28699261662354
MUNICIPALIDAD DE NUEVO SAN CARLOS,185,49834071.6,13701425.09,36132646.51,542.7990952205892,2.934049163354536,149,12,24,0,0.2749409119121625,0,0.0,1408.4804695610633
MUNICIPALIDAD DE OCOS,36,29936109.68,9629905.2,20306204.48,278.2426061415232,7.728961281708978,27,6,3,0,0.3216819186907789,0,0.0,228.86838032080573
MUNICIPALIDAD DE OLINTEPEQUE,116,41961921.32,15660681.26,26502648.32,413.7734960967687,3.567012897385937,93,6,17,0,0.3732117302392387,0,0.0,774.5097479899777
MUNICIPALIDAD DE OLOPA,85,61633545.3,25523434.53,36110110.77,477.84291816245843,5.62168139014657,41,32,12,0,0.4141159559419341,0,0.0,369.91103469255836
MUNICIPALIDAD DE ORATORIO,59,30602998.61,10240230.74,20362767.87,141.89760720543666,2.405044189922655,44,5,10,0,0.33461527317959777,0,0.0,406.0017538348066
MUNICIPALIDAD DE OSTUNCALCO,59,19282520.62,6612458.53,12670062.09,146.32898413284326,2.4801522734380215,43,8,8,0,0.3429250075916683,0,0.0,365.93844108910235
MUNICIPALIDAD DE PACHALUM,67,56990856.67,23995485.95,32995370.72,436.95435251835903,6.521706754005359,27,23,16,1,0.4210409766068884,1,3359160.0,310.1784793850612
MUNICIPALIDAD DE PAJAPITA,45,13810301.15,2274157.0,11536144.15,187.125893907504,4.158353197944534,39,2,4,0,0.16467106512011145,0,0.0,379.0468274951546
MUNICIPALIDAD DE PALENCIA,43,141039894.95,74265672.2,67438159.12,286.3988304332153,6.660437917051519,9,20,14,0,0.5265579092095035,0,0.0,156.35715699494327
MUNICIPALIDAD DE PALESTINA DE LOS ALTOS,110,33021178.54,14291468.63,18729709.91,323.6568752221925,2.9423352292926594,79,26,5,0,0.4327970491025364,0,0.0,514.5570840227042
MUNICIPALIDAD DE PALIN,62,89008461.02,28191835.21,60816625.81,189.0678889674896,3.0494820801208,41,6,15,0,0.3167320823990582,0,0.0,470.2519694818451
MUNICIPALIDAD DE PANAJACHEL,49,14372927.42,3882492.92,10490434.5,149.00193087649203,3.0408557321733065,31,5,13,0,0.2701254105407568,0,0.0,360.8687626375141
MUNICIPALIDAD DE PANZOS,39,58878076.14,8831130.3,50046945.84,343.1100175936264,8.797692758810934,31,3,5,0,0.14999013009530715,0,0.0,358.8972135954936
MUNICIPALIDAD DE PARRAMOS,52,42857185.9,23732541.19,19124644.71,224.85059393119195,4.324049883292153,13,23,10,6,0.5537587382749739,6,3576948.42,131.74507935667899
MUNICIPALIDAD DE PASACO,47,50152641.32,30909293.32,19243348.0,307.1935191022318,6.536032321324081,22,20,5,0,0.6163043960692438,0,0.0,123.81726222657869
MUNICIPALIDAD DE PASTORES,48,39190938.67,11986073.74,27204864.93,327.58080120134025,6.824600025027922,19,14,10,5,0.30583788362219394,5,1716135.87,247.58868003635627
MUNICIPALIDAD DE PATULUL,34,52967494.45,22274241.44,30693253.01,227.8929385237516,6.702733485992694,8,16,10,0,0.4205266205488789,0,0.0,142.2234012411588
MUNICIPALIDAD DE PATZICIA,45,49821829.66,26527691.7,23294137.96,273.29973344277624,6.0733274098394725,10,20,15,0,0.5324511741345792,0,0.0,157.44955093504615
MUNICIPALIDAD DE PATZITE,35,25896572.8,6384547.52,19512025.28,105.74818225398688,3.021376635828197,26,7,2,0,0.24654024952676362,0,0.0,234.07516048807446
MUNICIPALIDAD DE PATZUN,55,65603653.14,26858894.77,39833429.28,299.91262838825855,5.4529568797865196,14,16,25,0,0.4094115721373378,0,0.0,312.5244975448044
MUNICIPALIDAD DE PETAPA,46,81940800.48,27146772.52,54794027.96,216.59196838911777,4.708521051937343,29,1,16,0,0.3312973800716768,0,0.0,380.16482021687443
MUNICIPALIDAD DE PETATAN,33,46012478.06,16214865.88,29797612.18,210.5816794603701,6.381263013950609,14,12,7,0,0.35240149115324565,0,0.0,171.39753232202136
MUNICIPALIDAD DE POCHUTA,37,34977328.769999996,12254343.85,22722984.92,200.7026937001299,5.424397127030538,16,19,2,0,0.35035104969223757,0,0.0,137.67137751484682
MUNICIPALIDAD DE POPTUN,48,126901483.17,55008017.26,71893465.91,326.744297560707,6.807172865848063,13,26,8,1,0.4334702470443947,1,720000.0,160.67668075874903
MUNICIPALIDAD DE PUEBLO NUEVO,32,13007974.31,922472.27,12085502.04,136.58377184203664,4.268242870063645,27,3,2,0,0.07091590496845007,0,0.0,286.12461813166937
MUNICIPALIDAD DE PUEBLO NUEVO VINAS,31,70021237.03,31396041.63,38625195.4,114.85483387321716,3.7049946410715213,4,22,4,1,0.4483788484991865,1,847998.7,65.76672311108418
MUNICIPALIDAD DE PUERTO BARRIOS,63,185372112.82999998,58093096.72,127279016.11,513.7757704217142,8.155170959074828,34,18,11,0,0.3133863871599483,0,0.0,394.76427322261264
MUNICIPALIDAD DE PURULHA,53,62894778.89,28460355.43,34434423.46,331.551233611207,6.2556836530416415,17,24,5,7,0.4525074407173896,7,4148442.01,149.43590444708965
MUNICIPALIDAD DE QUESADA,68,64051794.86,28433454.94,34563339.92,413.31035766741167,6.078093495108995,35,26,6,1,0.4439134766191625,1,86600.0,267.8865806425905
MUNICIPALIDAD DE QUETZALTENANGO,48,113439543.08,49154176.6,64285366.480000004,198.89488767845208,4.143643493301085,22,6,8,12,0.4333072512936289,12,13280296.6,216.512717223916
MUNICIPALIDAD DE QUEZALTEPEQUE,97,76061295.65,30609546.38,45477236.27,420.85606205943355,4.338722289272511,66,22,8,1,0.4024326185666283,1,0.0,509.67200504880543
MUNICIPALIDAD DE RABINAL,47,65504432.23,35732614.74,29771817.490000002,284.9259057632016,6.062253314110673,6,8,28,5,0.5454991902614343,5,3878724.4,220.85829016118274
MUNICIPALIDAD DE RAXRUHA,39,59389271.6,18041176.0,41348095.6,214.06320678243117,5.4888001739084915,26,6,7,0,0.30377836794347884,0,0.0,276.65874330485303
MUNICIPALIDAD DE RETALHULEU,85,29324516.6,4620517.68,24703998.92,368.56214345354954,4.336025217100583,78,1,6,0,0.15756500756776326,0,0.0,761.899011527689
MUNICIPALIDAD DE RIO BLANCO,45,28805319.0,16112189.0,12693130.0,158.5455262272093,3.5232339161602066,27,2,12,4,0.5593477024156546,4,3404920.0,202.84048987972778
MUNICIPALIDAD DE RIO BRAVO,30,15435791.719999999,6027737.23,9408054.49,67.48597662126146,2.2495325540420485,23,3,4,0,0.3905039235655093,0,0.0,181.59301253207087
MUNICIPALIDAD DE RIO HONDO,87,48005589.63,13348869.9,34656719.73,313.6092741357416,3.604704300410823,49,6,21,11,0.27806907493243094,11,4331328.64,602.6811354419668
MUNICIPALIDAD DE SACAPULAS,52,34231548.3,8706093.79,25525454.51,238.98351753902526,4.595836875750486,32,3,17,0,0.25432953583346973,0,0.0,437.24971381609
MUNICIPALIDAD DE SALAMA,43,84985490.16,39567059.46,45418430.7,265.15860630818656,6.166479216469455,7,21,12,3,0.4655742925705096,3,358440.14,144.41158924641633
MUNICIPALIDAD DE SALCAJA,58,35808267.39,17257927.75,18550339.64,188.8406042095482,3.2558724863715205,28,14,16,0,0.4819537220842899,0,0.0,275.72852298575367
MUNICIPALIDAD DE SAMAYAC,41,27372057.79,5285276.11,22086781.68,174.25739060318745,4.250180258614328,31,4,5,1,0.1930901998873794,1,1519000.0,326.1132298282231
MUNICIPALIDAD DE SAN AGUSTIN ACASAGUASTLAN,70,47470927.87,14715719.45,32755208.42,338.5760136240032,4.836800194628617,34,11,25,0,0.30999435044327056,0,0.0,504.9261252823977
MUNICIPALIDAD DE SAN ANDRES,57,57018510.77,29349035.65,27669475.12,322.63861185298714,5.660326523736616,12,24,13,8,0.5147282041158087,8,2060134.19,161.1952993626315
MUNICIPALIDAD DE SAN ANDRES ITZAPA,68,48542609.6,19640473.81,28902135.79,307.56102527340744,4.522956254020698,27,6,29,6,0.40460275975768717,6,855997.17,425.7074088326151
MUNICIPALIDAD DE SAN ANDRES SAJCABAJA,53,49734390.120000005,21604310.560000002,28753855.79,282.7598285033924,5.335091103837592,13,37,2,1,0.4343937968852688,1,560000.0,104.24741953511749
MUNICIPALIDAD DE SAN ANDRES SEMETABAJ,50,13306471.5,3398400.02,9908071.48,164.05972863532338,3.2811945727064677,39,4,7,0,0.25539452889520714,0,0.0,366.42990849936024
MUNICIPALIDAD DE SAN ANDRES VILLA SECA,59,34109469.0,5800077.9,28309391.1,236.41584649923655,4.007048245749772,49,3,7,0,0.1700430428864196,0,0.0,518.2442812434998
MUNICIPALIDAD DE SAN ANDRES XECUL,93,39063731.230000004,7258359.43,31805371.8,363.02314785217817,3.9034747080879373,77,5,7,4,0.1858081448304087,4,2157998.5999999996,751.4837963471477
MUNICIPALIDAD DE SAN ANTONIO AGUASCALIENTES,46,20190627.740000002,3716044.0,16474583.74,91.56668588232856,1.9905801278767077,36,1,2,7,0.1840479675942953,7,3550665.74,332.1427765271161
MUNICIPALIDAD DE SAN ANTONIO HUISTA,46,14333983.3,6083693.3,8250290.0,52.297809563925014,1.1369089035635873,42,2,2,0,0.4244244724353767,0,0.0,263.66677344878656
MUNICIPALIDAD DE SAN ANTONIO ILOTENANGO,44,43503723.62,7938660.95,35565062.67,227.08300354337993,5.160977353258635,31,11,2,0,0.18248233230201827,0,0.0,304.8304049852208
MUNICIPALIDAD DE SAN ANTONIO LA PAZ,41,31015668.8,16616185.8,14399483.0,113.11015195219022,2.7587841939558593,25,15,1,0,0.5357352087793767,0,0.0,134.54396076947586
MUNICIPALIDAD DE SAN ANTONIO PALOPO,49,23207847.03,6419976.73,16787870.3,149.2356090167061,3.0456246738103285,29,6,14,0,0.27662956937371713,0,0.0,363.14355272471687
MUNICIPALIDAD DE SAN ANTONIO SACATEPEQUEZ,151,35917261.75,19203007.6,16714254.15,237.56900956727503,1.5733046991210267,88,12,21,30,0.5346456456970861,30,6362512.7,571.5524241843075
MUNICIPALIDAD DE SAN ANTONIO SUCHITEPEQUEZ,87,95158101.92,35679043.74,59479058.18,574.238412449437,6.600441522407322,41,17,29,0,0.37494488666866843,0,0.0,560.3664438805342
MUNICIPALIDAD DE SAN BARTOLO AGUAS CALIENTES,151,36599307.41,7868467.24,28730840.17,428.9973666775131,2.841042163427239,118,4,27,2,0.21498951201054986,2,1109466.3,1276.9070299795897
MUNICIPALIDAD DE SAN BARTOLOME JOCOTENANGO,37,23421857.2,7925142.58,15496714.62,90.96229097962427,2.458440296746602,25,7,5,0,0.33836525055750066,0,0.0,224.54798653090424
MUNICIPALIDAD DE SAN BARTOLOME MILPAS ALTAS,60,40475856.25,19527341.38,20948514.87,232.1712038227436,3.869520063712393,25,19,8,8,0.4824441825118894,8,3954551.73,203.0698793505079
MUNICIPALIDAD DE SAN BENITO,57,89521375.94,34719889.42,54801486.519999996,351.83315077451715,6.172511417096792,7,33,5,12,0.38783909491371477,12,3565843.17,103.11966121914845
MUNICIPALIDAD DE SAN BERNARDINO,51,29983502.8,1755950.03,28227552.77,180.3716250456141,3.536698530306159,45,2,4,0,0.058563872330487016,0,0.0,505.68688687602986
MUNICIPALIDAD DE SAN CARLOS ALZATATE,66,59626391.16,28999778.62,30626612.54,488.7175251914707,7.404810987749556,25,32,9,0,0.4863581051246705,0,0.0,213.34821100132888
MUNICIPALIDAD DE SAN CARLOS SIJA,137,53296061.11,14433218.3,38862842.81,533.8224100509703,3.8965139419778856,84,26,26,1,0.2708121012960164,1,569959.0,936.668931321807
MUNICIPALIDAD DE SAN CRISTOBAL ACASAGUASTLAN,54,23138406.2,7953738.25,15184667.95,108.12014656193287,2.00222493633209,39,9,6,0,0.34374615871338626,0,0.0,324.94049965348864
MUNICIPALIDAD DE SAN CRISTOBAL CUCHO,43,14933585.6,6213939.6,8719646.0,62.95604455544745,1.4640940594290104,32,6,5,0,0.41610499758343367,0,0.0,233.41949261442304
MUNICIPALIDAD DE SAN CRISTOBAL TOTONICAPAN,76,31120436.67,10171653.25,20948783.42,353.41838869540817,4.650241956518529,51,5,20,0,0.32684802459103796,0,0.0,552.833239162537
MUNICIPALIDAD DE SAN CRISTOBAL VERAPAZ,30,49478561.879999995,8011281.8,41467280.08,202.12950854411037,6.737650284803679,19,7,4,0,0.1619142007285843,0,0.0,231.63516574806326
MUNICIPALIDAD DE SAN DIEGO,41,22612267.25,7674108.25,14938159.0,94.0436193224708,2.29374681274319,21,1,6,13,0.3393780979658287,13,2832661.8,205.8403101281626
MUNICIPALIDAD DE SAN FELIPE,82,33815076.21,8327788.32,25487287.89,214.27479745173648,2.613107285996786,66,4,12,0,0.24627442115707124,0,0.0,655.9584396800933
MUNICIPALIDAD DE SAN FRANCISCO,54,73080753.8,26259343.4,44136214.4,156.32996243955057,2.8949993044361215,33,13,3,5,0.35931954768643887,5,2317889.8,269.13970600821636
MUNICIPALIDAD DE SAN FRANCISCO EL ALTO,132,84730633.09,22510222.45,62220410.64,922.4027401521523,6.987899546607214,95,28,9,0,0.2656680545050321,0,0.0,874.0203886915479
MUNICIPALIDAD DE SAN FRANCISCO LA UNION,37,19229519.63,5962311.66,13267207.97,84.79687508745809,2.2918074347961648,31,5,1,0,0.3100603538061445,0,0.0,236.06141946296682
MUNICIPALIDAD DE SAN FRANCISCO ZAPOTITLAN,56,60293385.83,6752489.75,53540896.08,369.31277675608294,6.594871013501481,46,2,8,0,0.11199387224726372,0,0.0,556.7937433563586
MUNICIPALIDAD DE SAN GABRIEL,29,12786494.0,3631361.92,9155132.08,85.41961294689507,2.94550389472052,21,3,5,0,0.2839998141789297,0,0.0,206.211376939085
MUNICIPALIDAD DE SAN GASPAR IXCHIL,25,31735577.96,10502067.72,21233510.24,159.367042966727,6.3746817186690805,13,1,10,1,0.33092410458813654,1,1214435.7,194.15615186139365
MUNICIPALIDAD DE SAN ILDEFONSO IXTAHUACAN,50,57487860.89,5062317.02,52425543.87,449.0493225356099,8.980986450712198,42,2,6,0,0.08805888654800492,0,0.0,505.10559370008303
MUNICIPALIDAD DE SAN JACINTO,57,31456566.3,9751937.98,21704628.32,326.11632378576354,5.721339013785325,25,29,2,1,0.31001279310005303,1,187485.0,209.65156591419174
MUNICIPALIDAD DE SAN JERONIMO,39,40918064.99,11383617.32,29951607.27,347.66455234795444,8.914475701229602,28,3,5,3,0.27820517228226826,3,1024897.56,275.79086918391715
MUNICIPALIDAD DE SAN JORGE,55,15851364.6,5409270.18,10442094.42,145.29325292315386,2.6416955076937065,44,4,5,2,0.3412494959582218,2,1120000.0,342.9278968006451
MUNICIPALIDAD DE SAN JOSE ACATEMPA,49,60486024.8,18524577.51,41961447.29,175.18568297908664,3.57521801998136,33,6,10,0,0.3062621088301376,0,0.0,357.99385130337555
MUNICIPALIDAD DE SAN JOSE CHACAYA,66,16873763.39,4866814.04,12006949.35,124.4549870316105,1.8856816216910681,45,14,7,0,0.28842493091281873,0,0.0,397.874845403298
MUNICIPALIDAD DE SAN JOSE DEL GOLFO,63,98897140.92,39148851.410000004,59748289.51,301.30240532822063,4.782577862352708,25,12,26,0,0.3958542284014898,0,0.0,409.29241511082984
MUNICIPALIDAD DE SAN JOSE EL IDOLO,34,34593073.99,20451299.1,14141774.89,162.72520512238012,4.7860354447758855,6,21,7,0,0.5911963506311109,0,0.0,72.38419416413203
MUNICIPALIDAD DE SAN JOSE LA ARADA,74,53559715.87,17061909.0,36497806.87,592.1307824694078,8.001767330667672,33,25,14,2,0.3185586167300182,2,362790.0,388.0684991761644
MUNICIPALIDAD DE SAN JOSE LA MAQUINA,10,16267001.2,6683922.91,9583078.29,71.88042661871535,7.188042661871535,2,5,3,0,0.41088845004818714,0,0.0,44.99715690681017
MUNICIPALIDAD DE SAN JOSE OJETENAM,93,44838916.05,13063785.81,31775130.24,393.9799549353265,4.236343601455124,59,7,17,10,0.2913492778334012,10,4098750.0,624.2712202129019
MUNICIPALIDAD DE SAN JOSE PINULA,42,82824945.7,24026138.66,58798807.04,194.47985871750723,4.630472826607315,31,4,7,0,0.29008336144312136,0,0.0,326.17293500325565
MUNICIPALIDAD DE SAN JOSE POAQUIL,58,49742906.62,18404497.66,31338408.96,367.95725468662675,6.344090598045289,19,21,18,0,0.36999240516034004,0,0.0,299.2282450098434
"MUNICIPALIDAD DE SAN JOSE, ESCUINTLA",47,115682733.25,36235536.73,79447196.52,355.00131411074244,7.553219449164732,13,13,21,0,0.3132320244516698,0,0.0,326.4200399708377
"MUNICIPALIDAD DE SAN JOSE, PETEN",58,41468240.4,17808767.73,23659472.67,173.83009313086126,2.997070571221746,33,9,11,5,0.4294555919956517,5,2883798.4,296.2249320929406
MUNICIPALIDAD DE SAN JUAN ATITAN,70,28043120.0,9500644.3,18542475.7,159.07750478759152,2.272535782679879,62,3,5,0,0.3387869930307327,0,0.0,478.5188715007899
MUNICIPALIDAD DE SAN JUAN BAUTISTA,45,12017202.28,2896860.64,9120341.64,125.74534497869571,2.7943409995265713,37,1,7,0,0.24105948893122903,0,0.0,356.3174652280885
MUNICIPALIDAD DE SAN JUAN CHAMELCO,42,89977839.25,36877291.96,53100547.29,242.7454366845805,5.779653254394774,14,6,22,0,0.40984860569431825,0,0.0,291.8339940215617
MUNICIPALIDAD DE SAN JUAN COTZAL,50,49410093.28,13550665.67,35859427.61,280.07500607109444,5.601500121421889,29,14,7,0,0.27424893924426125,0,0.0,308.5719091847123
MUNICIPALIDAD DE SAN JUAN ERMITA,56,37137436.2,11340890.66,25796545.54,398.72041241194495,7.120007364499017,25,22,9,0,0.3053762408079209,0,0.0,280.8913706601754
MUNICIPALIDAD DE SAN JUAN IXCOY,49,15604601.4,4025183.6,11579417.799999999,107.5781375968969,2.1954721958550385,44,0,3,2,0.25794850485575366,2,2015056.0,366.26153828472275
MUNICIPALIDAD DE SAN JUAN LA LAGUNA,90,24519650.65,8639595.2,15880055.45,204.59059015863565,2.2732287795403963,66,5,19,0,0.35235392719594066,0,0.0,614.8986190469938
MUNICIPALIDAD DE SAN JUAN SACATEPEQUEZ,75,231040213.5,130363420.61,100676792.89,401.97861552209815,5.359714873627976,11,34,30,0,0.5642455858014518,0,0.0,265.18097810688664
MUNICIPALIDAD DE SAN JUAN TECUACO,60,24014083.53,13470172.73,10543910.8,93.31861390076293,1.555310231679382,40,9,10,1,0.5609280367985794,1,179000.0,246.2346240402655
"MUNICIPALIDAD DE SAN LORENZO, SAN MARCOS",40,19774897.2,3480501.4,16294395.8,100.06063392568609,2.5015158481421524,35,3,2,0,0.17600604265088166,0,0.0,326.69564481028647
"MUNICIPALIDAD DE SAN LORENZO, SUCHITEPEQUEZ",32,37355009.09,18982023.65,18372985.44,186.3415699923716,5.823174062261613,8,18,6,0,0.5081520286681316,0,0.0,90.9040122313371
MUNICIPALIDAD DE SAN LUCAS SACATEPEQUEZ,61,74432514.26,32510490.65,41922023.61,371.75378796975036,6.094324392946727,32,26,3,0,0.43677807975742555,0,0.0,230.71491435951165
MUNICIPALIDAD DE SAN LUCAS TOLIMAN,60,19097150.55,6744600.95,12352549.6,118.70791818923223,1.9784653031538706,49,6,5,0,0.353173157028916,0,0.0,373.03649651449115
MUNICIPALIDAD DE SAN LUIS,61,73467723.07,40072075.589999996,33395647.48,391.67852710127545,6.420959460676647,17,29,10,5,0.5454378319553929,5,3796693.6,158.07728923923065
MUNICIPALIDAD DE SAN LUIS JILOTEPEQUE,54,66471767.4,32229341.05,34242426.35,251.55544984468628,4.658434256383079,10,33,6,5,0.4848575915855669,5,802440.0,109.49094164367034
MUNICIPALIDAD DE SAN MANUEL CHAPARRON,48,45076143.88,12530156.86,32545987.02,428.9853010929334,8.937193772769445,22,7,19,0,0.27797756820896896,0,0.0,374.1098533867535
MUNICIPALIDAD DE SAN MARCOS,224,109835068.43,41916843.59,67918224.84,1135.690685872556,5.070047704788196,112,51,37,24,0.3816344286862662,24,4280127.9,1119.6851536233357
MUNICIPALIDAD DE SAN MARCOS LA LAGUNA,50,13650589.4,1309957.87,12340631.530000001,71.57809461568127,1.4315618923136253,47,3,0,0,0.09596346587056527,0,0.0,433.69829692441704
MUNICIPALIDAD DE SAN MARTIN JILOTEPEQUE,82,56040934.11,21896549.169999998,34144384.94,320.6101745941713,3.909880177977699,40,10,21,11,0.39072420040358957,11,6865737.03,454.38484428820027
MUNICIPALIDAD DE SAN MARTIN SACATEPEQUEZ,75,34648557.44,3560024.79,31088532.65,378.46162909627793,5.0461550546170395,58,3,14,0,0.10274669576546736,0,0.0,732.1192475499945
MUNICIPALIDAD DE SAN MARTIN ZAPOTITLAN,61,31208410.6,21293124.0,9915286.6,102.75752967338191,1.6845496667767526,36,12,12,1,0.6822879983513161,1,89650.0,176.53654111963667
MUNICIPALIDAD DE SAN MATEO,42,5726337.19,1070553.29,4655783.9,53.207780342896164,1.266851912926099,38,3,1,0,0.18695254129804395,0,0.0,311.2267911212167
MUNICIPALIDAD DE SAN MATEO IXTATAN,48,34411320.51,2707032.0,31704288.509999998,267.00709503370075,5.562647813202099,42,0,6,0,0.07866690263203736,0,0.0,495.65028653970046
MUNICIPALIDAD DE SAN MIGUEL ACATAN,45,34064771.11,13315569.29,20749201.82,125.01078446951996,2.778017432655999,22,5,8,10,0.39088973317924636,10,2444253.25,217.62398283138378
MUNICIPALIDAD DE SAN MIGUEL CHICAJ,46,61916401.019999996,24653102.87,37263298.15,278.46971320045253,6.053689417401142,12,22,9,3,0.398167568913391,3,2704000.0,166.28386536489097
MUNICIPALIDAD DE SAN MIGUEL DUEÑAS,36,50977207.99,19399880.81,31577327.18,235.85645299602635,6.55156813877851,16,17,2,1,0.38055989284084757,1,0.0,134.11624642543887
MUNICIPALIDAD DE SAN MIGUEL IXTAHUACAN,76,38738448.2,15609806.4,23128641.8,355.6657975940355,4.679813126237309,33,20,23,0,0.4029538385071398,0,0.0,408.9263808713792
MUNICIPALIDAD DE SAN MIGUEL PANAN,34,11917585.08,8828450.64,3089134.44,34.22951060460112,1.006750311900033,23,7,4,0,0.7407919121815911,0,0.0,76.02144547810795
MUNICIPALIDAD DE SAN MIGUEL SIGUILA,71,20933914.58,11284359.38,9649555.2,76.39464770952563,1.0759809536552905,51,6,14,0,0.5390467863464455,0,0.0,332.5659955703661
MUNICIPALIDAD DE SAN PABLO,78,58709246.17,25650019.91,33059226.26,417.62756364031395,5.354199533850179,28,27,9,14,0.4368991527455001,14,6339609.72,251.82021652079158
MUNICIPALIDAD DE SAN PABLO JOCOPILAS,70,48652517.47,10814815.459999999,37837702.01,528.5543124917426,7.55077589273918,33,25,12,0,0.22228686247671778,0,0.0,418.4769476586333
MUNICIPALIDAD DE SAN PABLO LA LAGUNA,62,31067405.34,18310375.19,12757030.15,94.30808915470828,1.5210982121727143,27,7,3,25,0.5893757457248923,25,10097330.15,138.84549931330844
MUNICIPALIDAD DE SAN PEDRO AYAMPUC,52,90778599.57,31159382.5,59619217.07,487.37365815478233,9.372570349130429,14,24,14,0,0.3432459042945776,0,0.0,247.90696718505893
MUNICIPALIDAD DE SAN PEDRO CARCHA,62,110762579.2,21615616.36,89146962.84,335.26318359974186,5.407470703221643,47,10,5,0,0.19515269973056026,0,0.0,494.94910914417545
MUNICIPALIDAD DE SAN PEDRO JOCOPILAS,72,67944761.06,22019372.06,45925389.0,497.69422081058417,6.912419733480336,27,12,28,5,0.3240775553034228,5,3.0,482.7130840354329
MUNICIPALIDAD DE SAN PEDRO LA LAGUNA,54,44616476.56,15522621.38,29093855.18,264.39755047359114,4.896250934696132,23,19,11,1,0.34791230901268644,1,1559981.45,271.06064977767636
MUNICIPALIDAD DE SAN PEDRO NECTA,45,42576265.6,7186716.87,35389548.730000004,273.4518802703485,6.076708450452189,39,3,3,0,0.16879631805942136,0,0.0,391.322748737322
MUNICIPALIDAD DE SAN PEDRO PINULA,114,115862402.05,32099188.47,83763213.58,906.0738454387802,7.948016188059475,53,14,41,6,0.27704577069054476,6,1867840.8,880.5981218664527
MUNICIPALIDAD DE SAN PEDRO SACATEPEQUEZ,111,137180982.53,31549916.18,105631066.35,957.1729594135406,8.623179814536401,58,18,35,0,0.22998753615939713,0,0.0,920.479508973563
MUNICIPALIDAD DE SAN PEDRO SACATEPEQUEZ - SAN MARCOS,112,0.0,0.0,0.0,0.0,0.0,112,0,0,0,,0,0.0,0.0
MUNICIPALIDAD DE SAN PEDRO SACATEPEQUEZ GUATEMALA,226,6804792.52,4967925.61,1836866.91,370.0714902689927,1.637484470216782,124,93,9,0,0.7300627602382799,0,0.0,350.79887983904774
MUNICIPALIDAD DE SAN RAFAEL LA INDEPENDENCIA,48,21183701.55,10443647.55,10740054.0,134.06518205687823,2.793024626184963,39,0,9,0,0.49300390327676236,0,0.0,270.2554198364312
MUNICIPALIDAD DE SAN RAFAEL LAS FLORES,67,47886307.29,19812357.94,28073949.349999998,348.301209298472,5.1985255119174925,35,18,10,4,0.41373743479563263,4,1158728.4000000001,311.0299991725063
MUNICIPALIDAD DE SAN RAFAEL PETZAL,33,37734475.4,12193955.2,25540520.2,86.73430128218226,2.628312160066129,23,4,6,0,0.32315157613135914,0,0.0,231.44375703475674
MUNICIPALIDAD DE SAN RAFAEL PIE DE LA CUESTA,76,41492800.05,16212848.84,25279951.21,280.4940429351963,3.690711091252583,37,22,17,0,0.3907388467508353,0,0.0,393.2841197883587
MUNICIPALIDAD DE SAN RAYMUNDO,57,114697567.66,34496634.84,80200932.82,502.5051837391706,8.815880416476677,18,22,17,0,0.3007616948099456,0,0.0,329.59881202410014
MUNICIPALIDAD DE SAN SEBASTIAN,67,29889901.87,11822213.44,18067688.43,308.41244096596574,4.603170760686056,61,6,0,0,0.39552533465711237,0,0.0,391.2220338327611
MUNICIPALIDAD DE SAN SEBASTIAN COATAN,38,13509427.4,5435890.2,8073537.2,78.01445265950244,2.0530119120921695,28,3,6,1,0.4023775426632812,1,0.0,221.75803442882972
MUNICIPALIDAD DE SAN SEBASTIAN HUEHUETENANGO,59,56416893.1,20237391.8,36179501.3,229.37590451869644,3.8877271952321433,25,6,23,5,0.35871156116535596,5,1129423.0,393.73879185285676
MUNICIPALIDAD DE SAN VICENTE PACAYA,37,68764052.66,33362721.67,35401330.99,171.74733754703658,4.641819933703691,7,27,3,0,0.4851767803006043,0,0.0,70.60854867153343
MUNICIPALIDAD DE SANARATE,69,45065664.2,15387091.97,29678572.23,320.6984639551132,4.647803825436423,43,19,7,0,0.3414371505035978,0,0.0,376.04310875177015
MUNICIPALIDAD DE SANSARE,35,53504234.1,24851332.75,28652901.35,173.2071845251722,4.948776700719206,11,14,10,0,0.4644741330854785,0,0.0,148.6653187830782
MUNICIPALIDAD DE SANTA ANA,74,88258790.6,28648907.4,59609883.2,407.02808596652403,5.500379540088162,38,11,19,6,0.3246011780270191,6,6075806.6,481.9210840510418
MUNICIPALIDAD DE SANTA ANA HUISTA,43,43301045.2,17107689.84,26193355.36,161.2822795182799,3.7507506864716254,22,15,6,0,0.39508722620857195,0,0.0,202.0953447289482
MUNICIPALIDAD DE SANTA APOLONIA,66,24902634.62,4864042.41,20038592.21,358.69486321449966,5.434770654765146,46,5,15,0,0.19532240199571302,0,0.0,556.384394359117
MUNICIPALIDAD DE SANTA BARBARA,65,31112614.33,23316154.78,7796459.55,135.47656626821595,2.0842548656648607,29,8,24,4,0.7494116223308709,4,2071937.5,162.56105583265807
"MUNICIPALIDAD DE SANTA BARBARA, HUEHUETENANGO",14,30491269.9,7753153.1,22738116.8,120.26464454334173,8.590331753095837,6,1,6,1,0.2542745226888697,1,3500000.0,120.79987573787889
"MUNICIPALIDAD DE SANTA BARBARA, SUCHITEPEQUEZ",24,30496841.56,4659950.91,25836890.65,210.8558976315943,8.78566240131643,13,7,4,0,0.15280109911814752,0,0.0,175.19870329090082
MUNICIPALIDAD DE SANTA CATALINA LA TINTA,38,31365836.36,2045817.2000000002,29320019.16,235.24710583081537,6.190713311337246,33,0,5,0,0.06522437905111866,0,0.0,400.1573465268296
MUNICIPALIDAD DE SANTA CATARINA BARAHONA,37,37161769.7,11074149.75,26087619.95,264.1083772469733,7.138064249918197,13,17,3,4,0.29799844946566145,4,2122923.2,137.04815481632986
MUNICIPALIDAD DE SANTA CATARINA IXTAHUACAN,73,63631039.12,32224156.73,31406882.39,164.27701466434604,2.250370063895151,34,12,15,12,0.5064219785760431,12,11516284.2,296.2216587849363
MUNICIPALIDAD DE SANTA CATARINA MITA,62,60773371.51,26474478.32,34298893.19,258.5614011522444,4.17034517987491,19,10,33,0,0.43562628931395947,0,0.0,392.46508176704157
MUNICIPALIDAD DE SANTA CATARINA PALOPO,65,13302815.04,4903001.12,8399813.92,67.42090008802676,1.0372446167388731,56,2,2,5,0.3685686905558901,5,7112465.4399999995,374.9478290567456
MUNICIPALIDAD DE SANTA CATARINA PINULA,34,200898077.08,118858651.23,82039425.85,79.63101299379576,2.342088617464581,13,12,9,0,0.591636579889558,0,0.0,124.91548398530456
MUNICIPALIDAD DE SANTA CLARA LA LAGUNA,39,24093074.66,4746253.03,19346821.63,341.96750486025473,8.768397560519352,29,8,2,0,0.19699656839066138,0,0.0,272.97997331618615
MUNICIPALIDAD DE SANTA CRUZ BALANYA,56,51554464.76,21624994.84,29929469.92,384.0967562018154,6.85887064646099,11,22,17,6,0.4194592057287416,6,1549752.54,218.55779926875456
MUNICIPALIDAD DE SANTA CRUZ DEL QUICHE,145,56608806.79,7927533.47,48681273.32,464.3018813136183,3.2020819400939193,118,11,16,0,0.14004063889579116,0,0.0,1298.755101940647
MUNICIPALIDAD DE SANTA CRUZ LA LAGUNA,52,35257824.84,17943566.75,17314258.09,277.9441456094132,5.345079723257947,7,28,17,0,0.5089243829257165,0,0.0,160.4393756288145
MUNICIPALIDAD DE SANTA CRUZ MULUA,44,30883902.2,6372503.0,24511399.2,230.68734112056245,5.242894116376419,29,4,11,0,0.2063373649719691,0,0.0,372.2946675685748
MUNICIPALIDAD DE SANTA CRUZ NARANJO,81,34559143.01,10417599.09,24141543.92,391.15929957105396,4.829127155198197,50,4,27,0,0.3014426337766991,0,0.0,637.8111053049529
MUNICIPALIDAD DE SANTA CRUZ VERAPAZ,61,61932158.96,23261226.32,38670932.64,303.15351966157914,4.969729830517691,35,5,21,0,0.3755920463716384,0,0.0,434.6704486202887
MUNICIPALIDAD DE SANTA EULALIA,58,32209070.81,3708118.98,28500951.83,153.98650434012455,2.6549397300021473,53,2,3,0,0.1151265431366848,0,0.0,538.4712539671501
MUNICIPALIDAD DE SANTA LUCIA COTZUMALGUAPA,50,103975592.96000001,52434695.64,51547758.53,300.5197392602123,6.010394785204246,17,24,9,0,0.5042981160027807,0,0.0,168.36904523689307
MUNICIPALIDAD DE SANTA LUCIA LA REFORMA,60,40910723.0,11818719.06,29092003.94,332.227307326371,5.53712178877285,40,8,12,0,0.28889049601983324,0,0.0,431.2387312954415
MUNICIPALIDAD DE SANTA LUCIA MILPAS ALTAS,56,54913997.9,28402419.59,26511578.31,199.41048476309916,3.5609015136267708,31,18,2,5,0.5172163870079473,5,2283787.63,182.4010136299795
MUNICIPALIDAD DE SANTA LUCIA UTATLAN,139,15100092.25,3191383.45,11908708.8,210.82434151034548,1.516721881369392,124,3,12,0,0.21134860616497228,0,0.0,1108.1088173641401
MUNICIPALIDAD DE SANTA MARIA CHIQUIMULA,66,41683119.54,4948909.17,36734210.37,429.9774403235256,6.5148097018716005,38,5,23,0,0.1187269384972716,0,0.0,652.5162609912175
MUNICIPALIDAD DE SANTA MARIA DE JESUS,34,42228280.62,18336865.51,23891415.11,207.50580292107708,6.103111850619914,5,22,5,2,0.4342318759081885,2,1008689.6,79.47277279661627
MUNICIPALIDAD DE SANTA MARIA IXHUATAN,61,41483105.75,25938943.58,15544162.17,314.8160426848732,5.160918732538905,20,30,11,0,0.625289334321358,0,0.0,143.2853757656457
MUNICIPALIDAD DE SANTA MARIA VISITACION,55,9247208.29,3277414.18,5969794.11,70.33761409579017,1.2788657108325485,40,8,7,0,0.35442201334906887,0,0.0,316.86185815476097
MUNICIPALIDAD DE SANTA ROSA DE LIMA,53,48156863.03,27558988.39,20597874.64,263.5144144557624,4.971970084070988,12,21,16,4,0.5722754069930124,4,2121787.6,158.89517768494605
MUNICIPALIDAD DE SANTIAGO ATITLAN,66,37672602.47,17598049.08,20900532.59,232.27647067763598,3.5193404648126663,25,34,7,0,0.4671312286963433,0,0.0,200.7849443417061
MUNICIPALIDAD DE SANTIAGO CHIMALTENANGO,56,21754611.1,1590000.0,20164611.1,301.4289714458695,5.382660204390526,52,0,2,2,0.07308795329372722,2,224870.0,529.3245887030721
MUNICIPALIDAD DE SANTIAGO SACATEPEQUEZ,48,44023133.8,19175206.75,24847927.05,125.04958460181132,2.6051996792044023,24,11,4,9,0.43557114396067825,9,6520082.72,184.77380131485003
MUNICIPALIDAD DE SANTO DOMINGO SUCHITEPEQUEZ,36,19732342.59,5539229.47,14193113.12,140.05309473478164,3.8903637426328235,26,6,4,0,0.28071829002235055,0,0.0,239.23010391491727
MUNICIPALIDAD DE SANTO DOMINGO XENACOJ,31,41587489.89,19120007.98,22467481.91,140.72013426701437,4.5393591699036895,6,17,6,2,0.45975383536185815,2,865000.0,89.09043575976152
MUNICIPALIDAD DE SANTO TOMAS LA UNION,73,21286274.9,5909539.71,15376735.19,111.86636733786499,1.5324159909296573,65,2,6,0,0.2776220704544223,0,0.0,546.0715366105316
MUNICIPALIDAD DE SAYAXCHE,54,24801480.0,19471285.16,5330194.84,86.88689147605312,1.6090165088157986,35,11,3,5,0.7850856142456015,5,3756682.0,89.28499949409422
MUNICIPALIDAD DE SENAHU,53,49988465.28,6086756.08,43901709.2,273.91362343251967,5.168181574198484,40,3,10,0,0.12176321169106315,0,0.0,513.7693945308889
MUNICIPALIDAD DE SIBILIA,58,19192965.59,1968079.9900000002,17224885.6,319.87427428092553,5.515073694498716,55,2,1,0,0.10254173492737452,0,0.0,523.7547541101478
MUNICIPALIDAD DE SIBINAL,73,28308348.4,7557124.24,20751224.16,321.24366556277687,4.400598158394204,49,14,10,0,0.2669574407244472,0,0.0,482.99648366066924
MUNICIPALIDAD DE SIPACAPA,47,27262407.2,6059063.8,21203343.4,263.1644820004302,5.599244297881494,33,8,6,0,0.22224977257327444,0,0.0,340.88644279390184
MUNICIPALIDAD DE SIPACATE,42,75000982.53,47304815.64,27696166.89,192.1337457048456,4.574612992972514,5,22,15,0,0.6307226124814874,0,0.0,107.13777951778926
MUNICIPALIDAD DE SIQUINALA,44,23865733.54,5486247.1,18379486.44,158.2948021071625,3.5976091387991476,36,5,3,0,0.22987967626491818,0,0.0,327.0692213758645
MUNICIPALIDAD DE SOLOLA,62,56564265.65,33507827.81,23056437.84,185.3816976614196,2.9900273816358,23,19,18,2,0.5923850937504392,2,0.0,212.46761087597972
MUNICIPALIDAD DE SOLOMA,48,21190664.0,7463925.95,13693011.05,143.43473410292557,2.988223627144283,40,4,4,0,0.35222709160977683,0,0.0,308.150632283144
MUNICIPALIDAD DE SUMPANGO,56,25466356.35,8793927.6,16672428.75,208.3624680794061,3.7207583585608233,41,6,1,8,0.3453155009354135,8,5467752.6,294.7361704498819
MUNICIPALIDAD DE TACANA,90,89524776.78,31321874.57,58202902.21,638.2639044274999,7.091821160305555,45,16,22,7,0.3498682230392041,7,8230059.0,542.8191958767559
MUNICIPALIDAD DE TACTIC,73,66569002.4,13878345.5,52690656.9,521.0410780714193,7.137549014676977,55,8,10,0,0.20848059907233943,0,0.0,598.8457566819225
MUNICIPALIDAD DE TAJUMULCO,209,27132298.45,6415606.1,20716692.35,405.7376583700867,1.9413285089477832,191,9,9,0,0.2364564178675397,0,0.0,1604.8721830659042
MUNICIPALIDAD DE TAMAHU,43,27060364.759999998,6170141.0,20890223.759999998,111.30239798273851,2.5884278600636863,37,2,4,0,0.22801396266175092,0,0.0,348.78215716435693
MUNICIPALIDAD DE TAXISCO,83,86879046.56,45183751.57,41695294.99,221.61457602695873,2.6700551328549245,50,9,24,0,0.52007651279639,0,0.0,440.40532893639255
MUNICIPALIDAD DE TECPAN GUATEMALA,79,54500546.17,23998426.46,30502119.71,483.68684548159035,6.122618297235321,32,24,23,0,0.4403336873935772,0,0.0,384.83195293853163
MUNICIPALIDAD DE TECTITAN,62,28359908.0,1521700.6,26838207.4,332.0951136490563,5.356372800791231,59,2,1,0,0.053656753752515704,0,0.0,604.1172500524799
MUNICIPALIDAD DE TECULUTAN,67,21346431.45,8362815.47,12983615.98,144.30659233451416,2.153829736336032,48,5,10,4,0.39176644066191213,4,2262017.91,388.00905868723737
MUNICIPALIDAD DE TEJUTLA,106,31801407.8,12426812.2,19374595.6,292.91795176967787,2.763376903487527,82,5,1,18,0.39076295861342336,18,12450000.0,536.7537214993806
MUNICIPALIDAD DE TIQUISATE,35,73728812.93,35292086.68,38436726.25,231.6573531550787,6.618781518716535,7,22,5,1,0.47867428319383354,1,1398000.0,86.88743823948933
MUNICIPALIDAD DE TODOS SANTOS CUCHUMATANES,56,53650121.79,14068342.56,39581779.230000004,248.6001829879387,4.439288981927477,36,5,6,9,0.2622238699674721,9,4548217.9,359.7876291002838
MUNICIPALIDAD DE TOTONICAPAN,179,46890594.39,14803083.99,32087510.4,611.4893782213479,3.4161417777728933,145,1,28,5,0.3156940999058212,5,7941431.63,1334.4179765258173
MUNICIPALIDAD DE TUCURU,26,43684040.6,7709582.0,35974458.6,131.42094873954102,5.054651874597732,20,6,0,0,0.17648509373466703,0,0.0,188.33984732738568
MUNICIPALIDAD DE UNION CANTINIL,59,23401701.95,200000.0,23201701.95,154.8729120633729,2.6249646112436085,58,0,1,0,0.008546386943450496,0,0.0,615.7328360107155
MUNICIPALIDAD DE USPANTAN,87,108121290.69,53606368.45,58006336.74,648.4875019449195,7.4538793327002235,17,33,37,0,0.49579845105343334,0,0.0,380.5459075173971
MUNICIPALIDAD DE USUMATLAN,49,33509645.75,19883558.87,13626086.879999999,257.82769871451586,5.261789769683997,12,26,7,4,0.5933682205518392,4,2037269.6,97.23271192887545
MUNICIPALIDAD DE VILLA CANALES,79,249756224.14,114498414.98,135257809.16,531.0077235228487,6.72161675345378,23,29,27,0,0.4584406870109404,0,0.0,381.1658270756671
MUNICIPALIDAD DE VILLA NUEVA,69,334856811.77,153204577.32,181652234.45,379.37403322098646,5.49817439450705,43,13,13,0,0.45752265426581856,0,0.0,396.1206168361695
MUNICIPALIDAD DE YEPOCAPA,67,54848444.82,21911716.05,32936728.77,204.48445954485535,3.052006858878438,33,12,14,8,0.3994956670496168,8,3018705.22,342.43321284029355
MUNICIPALIDAD DE YUPILTEPEQUE,55,42723069.9,19925836.41,22797233.490000002,173.31657663316003,3.151210484239273,15,18,12,10,0.4663952393084,10,2896265.0,183.7611494884891
MUNICIPALIDAD DE ZACAPA,87,208445663.14,77515014.74,130930648.4,593.9045866292697,6.826489501485859,43,21,10,13,0.3718715638997871,13,10865042.55,418.71077722064564
MUNICIPALIDAD DE ZACUALPA,54,55888074.24,15095209.86,40792864.38,418.3908090356933,7.747977945105431,20,5,29,0,0.27009715516724875,0,0.0,471.3470168574519
MUNICIPALIDAD DE ZAPOTITLAN,79,13850212.75,10793684.82,3056527.93,23.11077816563556,0.29254149576753874,69,6,4,0,0.7793154527536048,0,0.0,165.47761359169337
MUNICIPALIDAD DE ZARAGOZA,59,55088951.58,17139440.73,37949510.85,336.77321320809506,5.708020562849069,28,16,7,8,0.31112301538558346,8,3704963.69,287.32532609093454
MUNICIPALIDAD DE ZUNIL,57,33318121.18,8872111.6,24446009.58,179.93770675939533,3.156801872971848,38,9,4,6,0.2662848709886348,6,2682754.0,343.1464774756527
MUNICIPALIDAD DE ZUNILITO,37,18801737.1,10864598.76,7937138.34,90.51839919396211,2.4464432214584355,24,11,2,0,0.5778507965628346,0,0.0,120.2031094566746
MUNICIPALIDAD SAN JOSE LA MAQUINA,28,5998575.0,0.0,5998575.0,29.539614058799568,1.054986216385699,28,0,0,0,0.0,0,0.0,277.80518144929954
ORGANISMO JUDICIAL,1,0.0,0.0,0.0,0.0,0.0,1,0,0,0,,0,0.0,0.0
REGISTRO DE INFORMACION CATASTRAL DE GUATEMALA -RIC-,4,0.0,0.0,0.0,0.0,0.0,4,0,0,0,,0,0.0,0.0
REGISTRO GENERAL DE LA PROPIEDAD,1,0.0,0.0,0.0,0.0,0.0,1,0,0,0,,0,0.0,0.0
SUPERINTENDENCIA DE ADMINISTRACION TRIBUTARIA,7,173670904.0,2779537.66,170891366.34,83.13831403585442,11.87690200512206,5,0,2,0,0.016004624816140765,0,0.0,104.54652436013663
UNIDAD COMPRADORA PARA PROYECTOS DE COOPERACION EXTERNA,5,18700000.0,0.0,18700000.0,32.06183813739089,6.4123676274781785,5,0,0,0,0.0,0,0.0,66.976136541203
UNIDAD DE CONSTRUCCION DE EDIFICIOS DEL ESTADO,79,246801319.0,106973223.88,139828095.12,249.96147087440752,3.164069251574779,62,10,7,0,0.4334386230731611,0,0.0,479.5349012616634
UNIDAD DE PLANIFICACION EDUCATIVA,3,23893339.0,0.0,23893339.0,46.62268901167546,15.540896337225155,3,0,0,0,0.0,0,0.0,47.56950888754584
UNIDAD EJECUTORA DE PROYECTOS DE INFRAESTRUCTURA DE SALUD,1,0.0,0.0,0.0,0.0,0.0,1,0,0,0,,0,0.0,0.0
UNIDAD EJECUTORA DEL PROGRAMA DE ACUEDUCTOS RURALES,30,19027393.0,1357102.6600000001,17670290.34,183.6823302780571,6.122744342601903,18,9,3,0,0.07132362589031509,0,0.0,221.03588164225206
UNIDAD ESPECIAL DE EJECUCIÓN DE PROGRAMA DE INVERSIÓN Y MODERNIZACIÓN PARA EL SECTOR JUSTICIA,5,75276229.0,7955701.079999999,67320527.92,32.11882430461398,6.423764860922796,1,0,1,3,0.10568676441005034,3,2156000.0,38.92768434553775
UNIDAD ESPECIAL DE EJECUCIÓN DE PROGRAMAS Y PROYECTOS DE SALUD (UEPPS),29,312925358.0,93926353.65,218999004.35,150.71010560584986,5.196900193305168,27,2,0,0,0.300155775966229,0,0.0,235.46775004244859
UNIDAD ESPECIAL PROGRAMA INVERSION Y MODERNIZACION SECTOR JUSTICIA (UEEP),30,152001668.0,6139437.11,145862230.89,376.97222058654637,12.565740686218213,20,6,3,1,0.0403905903848371,1,1714057.0,278.4083993052294
UNIDAD PARA EL DESARROLLO DE VIVIENDA POPULAR UDEVIPO,12,35000000.0,6807595.62,28192404.380000003,59.67776226513408,4.9731468554278395,5,7,0,0,0.194502732,0,0.0,55.96871673519362
UNIVERSIDAD DE SAN CARLOS DE GUATEMALA,5,0.0,0.0,0.0,0.0,0.0,5,0,0,0,,0,0.0,0.0
VICE MINISTERIO DE DESARROLLO ECONOMICO Y RURAL,8,9958655.0,6742319.57,3216335.4299999997,76.70843098436383,9.588553873045479,7,0,1,0,0.6770311422576644,0,0.0,31.225829345991684
